,PassengerId,Survived,Pclass,Name,Sex,Age,SibSp,Parch,Ticket,Fare,Cabin,Embarked,title
0,1,0,3,3,0,22.0,1,0,A/5 21171,1.8125,3.0,3.0,mr
1,2,1,1,2,1,38.0,1,0,PC 17599,17.820825,C85,1.0,mrs
2,3,1,3,1,1,26.0,0,0,STON/O2. 3101282,7.925,3.0,3.0,miss
3,4,1,1,2,1,35.0,1,0,113803,13.275,C123,3.0,mrs
4,5,0,3,3,0,35.0,0,0,373450,8.05,3.0,3.0,mr
5,6,0,3,3,0,26.5,0,0,330877,8.4583,2.0,2.0,mr
6,7,0,1,3,0,54.0,0,0,17463,51.8625,E46,3.0,mr
7,8,0,3,6,0,2.0,3,1,349909,0.843,3.0,3.0,master
8,9,1,3,2,1,27.0,0,2,347742,1.2370333333333334,3.0,3.0,mrs
9,10,1,2,2,1,14.0,1,0,237736,7.5177,1.0,1.0,mrs
10,11,1,3,1,1,4.0,1,1,PP 9549,1.8555555555555554,G6,3.0,miss
11,12,1,1,1,1,58.0,0,0,113783,26.55,C103,3.0,miss
12,13,0,3,3,0,20.0,0,0,A/5. 2151,8.05,3.0,3.0,mr
13,14,0,3,3,0,39.0,1,5,347082,0.6382653061224489,3.0,3.0,mr
14,15,0,3,1,1,14.0,0,0,350406,7.8542,3.0,3.0,miss
15,16,1,2,2,1,55.0,0,0,248706,16.0,3.0,3.0,mrs
16,17,0,3,6,0,2.0,4,1,382652,0.8090277777777778,2.0,2.0,master
17,18,1,2,3,0,30.7,0,0,244373,13.0,3.0,3.0,mr
18,19,0,3,2,1,31.0,1,0,345763,4.5,3.0,3.0,mrs
19,20,1,3,2,1,21.8,0,0,2649,7.225,1.0,1.0,mrs
20,21,0,2,3,0,35.0,0,0,239865,26.0,3.0,3.0,mr
21,22,1,2,3,0,34.0,0,0,248698,13.0,D56,3.0,mr
22,23,1,3,1,1,15.0,0,0,330923,8.0292,2.0,2.0,miss
23,24,1,1,3,0,28.0,0,0,113788,35.5,A6,3.0,mr
24,25,0,3,1,1,8.0,3,1,349909,0.843,3.0,3.0,miss
25,26,1,3,2,1,38.0,1,5,347077,0.6405612244897959,3.0,3.0,mrs
26,27,0,3,3,0,26.5,0,0,2631,7.225,1.0,1.0,mr
27,28,0,1,3,0,19.0,3,2,19950,7.305555555555556,C23 C25 C27,3.0,mr
28,29,1,3,1,1,21.8,0,0,330959,7.8792,2.0,2.0,miss
29,30,0,3,3,0,26.5,0,0,349216,7.8958,3.0,3.0,mr
30,31,0,1,5,0,40.0,0,0,PC 17601,27.7208,1.0,1.0,don
31,32,1,1,2,1,34.6,1,0,PC 17569,36.6302,B78,1.0,mrs
32,33,1,3,1,1,21.8,0,0,335677,7.75,2.0,2.0,miss
33,34,0,2,3,0,66.0,0,0,C.A. 24579,10.5,3.0,3.0,mr
34,35,0,1,3,0,28.0,1,0,PC 17604,20.5427,1.0,1.0,mr
35,36,0,1,3,0,42.0,1,0,113789,13.0,3.0,3.0,mr
36,37,1,3,3,0,26.5,0,0,2677,7.2292,1.0,1.0,mr
37,38,0,3,3,0,21.0,0,0,A./5. 2152,8.05,3.0,3.0,mr
38,39,0,3,1,1,18.0,2,0,345764,2.0,3.0,3.0,miss
39,40,1,3,1,1,14.0,1,0,2651,2.810425,1.0,1.0,miss
40,41,0,3,2,1,40.0,1,0,7546,2.36875,3.0,3.0,mrs
41,42,0,2,2,1,27.0,1,0,11668,5.25,3.0,3.0,mrs
42,43,0,3,3,0,26.5,0,0,349253,7.8958,1.0,1.0,mr
43,44,1,2,1,1,3.0,1,2,SC/Paris 2123,2.5987,1.0,1.0,miss
44,45,1,3,1,1,19.0,0,0,330958,7.8792,2.0,2.0,miss
45,46,0,3,3,0,26.5,0,0,S.C./A.4. 23567,8.05,3.0,3.0,mr
46,47,0,3,3,0,26.5,1,0,370371,3.875,2.0,2.0,mr
47,48,1,3,1,1,21.8,0,0,14311,7.75,2.0,2.0,miss
48,49,0,3,3,0,26.5,2,0,2662,2.4088000000000003,1.0,1.0,mr
49,50,0,3,2,1,18.0,1,0,349237,4.45,3.0,3.0,mrs
50,51,0,3,6,0,7.0,4,1,3101295,1.1024305555555556,3.0,3.0,master
51,52,0,3,3,0,21.0,0,0,A/4. 39886,7.8,3.0,3.0,mr
52,53,1,1,2,1,49.0,1,0,PC 17572,19.1823,D33,1.0,mrs
53,54,1,2,2,1,29.0,1,0,2926,6.5,3.0,3.0,mrs
54,55,0,1,3,0,65.0,0,1,113509,15.4948,B30,1.0,mr
55,56,1,1,3,0,41.3,0,0,19947,35.5,C52,3.0,mr
56,57,1,2,1,1,21.0,0,0,C.A. 31026,10.5,3.0,3.0,miss
57,58,0,3,3,0,28.5,0,0,2697,7.2292,1.0,1.0,mr
58,59,1,2,1,1,5.0,1,2,C.A. 34651,1.734375,3.0,3.0,miss
59,60,0,3,6,0,11.0,5,2,CA 2144,0.7328125,3.0,3.0,master
60,61,0,3,3,0,22.0,0,0,2669,7.2292,1.0,1.0,mr
61,62,1,1,1,1,38.0,0,0,113572,80.0,B28,3.0,miss
62,63,0,1,3,0,45.0,1,0,36973,20.86875,C83,3.0,mr
63,64,0,3,6,0,4.0,3,2,347088,0.7749999999999999,3.0,3.0,master
64,65,0,1,3,0,41.3,0,0,PC 17605,27.7208,1.0,1.0,mr
65,66,1,3,6,0,26.5,1,1,2661,1.6939777777777776,1.0,1.0,master
66,67,1,2,2,1,29.0,0,0,C.A. 29395,10.5,F33,3.0,mrs
67,68,0,3,3,0,19.0,0,0,S.P. 3464,8.1583,3.0,3.0,mr
68,69,1,3,1,1,17.0,4,2,3101281,0.16173469387755102,3.0,3.0,miss
69,70,0,3,3,0,26.0,2,0,315151,0.9624999999999999,3.0,3.0,mr
70,71,0,2,3,0,32.0,0,0,C.A. 33111,10.5,3.0,3.0,mr
71,72,0,3,1,1,16.0,5,2,CA 2144,0.7328125,3.0,3.0,miss
72,73,0,2,3,0,21.0,0,0,S.O.C. 14879,73.5,3.0,3.0,mr
73,74,0,3,3,0,26.0,1,0,2680,3.61355,1.0,1.0,mr
74,75,1,3,3,0,32.0,0,0,1601,56.4958,3.0,3.0,mr
75,76,0,3,3,0,25.0,0,0,348123,7.65,F G73,3.0,mr
76,77,0,3,3,0,26.5,0,0,349208,7.8958,3.0,3.0,mr
77,78,0,3,3,0,26.5,0,0,374746,8.05,3.0,3.0,mr
78,79,1,2,6,0,0.83,0,2,248738,3.222222222222222,3.0,3.0,master
79,80,1,3,1,1,30.0,0,0,364516,12.475,3.0,3.0,miss
80,81,0,3,3,0,22.0,0,0,345767,9.0,3.0,3.0,mr
81,82,1,3,3,0,29.0,0,0,345779,9.5,3.0,3.0,mr
82,83,1,3,1,1,21.8,0,0,330932,7.7875,2.0,2.0,miss
83,84,0,1,3,0,28.0,0,0,113059,47.1,3.0,3.0,mr
84,85,1,2,1,1,17.0,0,0,SO/C 14885,10.5,3.0,3.0,miss
85,86,1,3,2,1,33.0,3,0,3101278,0.990625,3.0,3.0,mrs
86,87,0,3,3,0,16.0,1,3,W./C. 6608,1.375,3.0,3.0,mr
87,88,0,3,3,0,26.5,0,0,SOTON/OQ 392086,8.05,3.0,3.0,mr
88,89,1,1,1,1,23.0,3,2,19950,7.305555555555556,C23 C25 C27,3.0,miss
89,90,0,3,3,0,24.0,0,0,343275,8.05,3.0,3.0,mr
90,91,0,3,3,0,29.0,0,0,343276,8.05,3.0,3.0,mr
91,92,0,3,3,0,20.0,0,0,347466,7.8542,3.0,3.0,mr
92,93,0,1,3,0,46.0,1,0,W.E.P. 5734,15.29375,E31,3.0,mr
93,94,0,3,3,0,26.0,1,2,C.A. 2315,1.2859375,3.0,3.0,mr
94,95,0,3,3,0,59.0,0,0,364500,7.25,3.0,3.0,mr
95,96,0,3,3,0,26.5,0,0,374910,8.05,3.0,3.0,mr
96,97,0,1,3,0,71.0,0,0,PC 17754,34.6542,A5,1.0,mr
97,98,1,1,3,0,23.0,0,1,PC 17759,15.839575,D10 D12,1.0,mr
98,99,1,2,2,1,34.0,0,1,231919,5.75,3.0,3.0,mrs
99,100,0,2,3,0,34.0,1,0,244367,6.5,3.0,3.0,mr
100,101,0,3,1,1,28.0,0,0,349245,7.8958,3.0,3.0,miss
101,102,0,3,3,0,26.5,0,0,349215,7.8958,3.0,3.0,mr
102,103,0,1,3,0,21.0,0,1,35281,19.321875,D26,3.0,mr
103,104,0,3,3,0,33.0,0,0,7540,8.6542,3.0,3.0,mr
104,105,0,3,3,0,37.0,2,0,3101276,0.8805555555555555,3.0,3.0,mr
105,106,0,3,3,0,28.0,0,0,349207,7.8958,3.0,3.0,mr
106,107,1,3,1,1,21.0,0,0,343120,7.65,3.0,3.0,miss
107,108,1,3,3,0,26.5,0,0,312991,7.775,3.0,3.0,mr
108,109,0,3,3,0,38.0,0,0,349249,7.8958,3.0,3.0,mr
109,110,1,3,1,1,21.8,1,0,371110,6.0375,2.0,2.0,miss
110,111,0,1,3,0,47.0,0,0,110465,52.0,C110,3.0,mr
111,112,0,3,1,1,14.5,1,0,2665,3.61355,1.0,1.0,miss
112,113,0,3,3,0,22.0,0,0,324669,8.05,3.0,3.0,mr
113,114,0,3,1,1,20.0,1,0,4136,2.45625,3.0,3.0,miss
114,115,0,3,1,1,17.0,0,0,2627,14.4583,1.0,1.0,miss
115,116,0,3,3,0,21.0,0,0,STON/O 2. 3101294,7.925,3.0,3.0,mr
116,117,0,3,3,0,70.5,0,0,370369,7.75,2.0,2.0,mr
117,118,0,2,3,0,29.0,1,0,11668,5.25,3.0,3.0,mr
118,119,0,1,3,0,24.0,0,1,PC 17558,61.8802,B58 B60,1.0,mr
119,120,0,3,1,1,2.0,4,2,347082,0.6382653061224489,3.0,3.0,miss
120,121,0,2,3,0,21.0,2,0,S.O.C. 14879,8.166666666666666,3.0,3.0,mr
121,122,0,3,3,0,26.5,0,0,A4. 54510,8.05,3.0,3.0,mr
122,123,0,2,3,0,32.5,1,0,237736,7.5177,1.0,1.0,mr
123,124,1,2,1,1,32.5,0,0,27267,13.0,E101,3.0,miss
124,125,0,1,3,0,54.0,0,1,35281,19.321875,D26,3.0,mr
125,126,1,3,6,0,12.0,1,0,2651,2.810425,1.0,1.0,master
126,127,0,3,3,0,26.5,0,0,370372,7.75,2.0,2.0,mr
127,128,1,3,3,0,24.0,0,0,C 17369,7.1417,3.0,3.0,mr
128,129,1,3,1,1,21.8,1,1,2668,2.4842555555555554,F E69,1.0,miss
129,130,0,3,3,0,45.0,0,0,347061,6.975,3.0,3.0,mr
130,131,0,3,3,0,33.0,0,0,349241,7.8958,1.0,1.0,mr
131,132,0,3,3,0,20.0,0,0,SOTON/O.Q. 3101307,7.05,3.0,3.0,mr
132,133,0,3,2,1,47.0,1,0,A/5. 3337,3.625,3.0,3.0,mrs
133,134,1,2,2,1,29.0,1,0,228414,6.5,3.0,3.0,mrs
134,135,0,2,3,0,25.0,0,0,C.A. 29178,13.0,3.0,3.0,mr
135,136,0,2,3,0,23.0,0,0,SC/PARIS 2133,15.0458,1.0,1.0,mr
136,137,1,1,1,1,19.0,0,2,11752,2.9203666666666668,D47,3.0,miss
137,138,0,1,3,0,37.0,1,0,113803,13.275,C123,3.0,mr
138,139,0,3,3,0,16.0,0,0,7534,9.2167,3.0,3.0,mr
139,140,0,1,3,0,24.0,0,0,PC 17593,79.2,B86,1.0,mr
140,141,0,3,2,1,21.8,0,2,2678,1.6939777777777776,1.0,1.0,mrs
141,142,1,3,1,1,22.0,0,0,347081,7.75,3.0,3.0,miss
142,143,1,3,2,1,24.0,1,0,STON/O2. 3101279,3.9625,3.0,3.0,mrs
143,144,0,3,3,0,19.0,0,0,365222,6.75,2.0,2.0,mr
144,145,0,2,3,0,18.0,0,0,231945,11.5,3.0,3.0,mr
145,146,0,2,3,0,19.0,1,1,C.A. 33112,4.083333333333333,3.0,3.0,mr
146,147,1,3,3,0,27.0,0,0,350043,7.7958,3.0,3.0,mr
147,148,0,3,1,1,9.0,2,2,W./C. 6608,1.375,3.0,3.0,miss
148,149,0,2,3,0,36.5,0,2,230080,2.888888888888889,F2,3.0,mr
149,150,0,2,8,0,42.0,0,0,244310,13.0,3.0,3.0,rev
150,151,0,2,8,0,51.0,0,0,S.O.P. 1166,12.525,3.0,3.0,rev
151,152,1,1,2,1,22.0,1,0,113776,16.65,C2,3.0,mrs
152,153,0,3,3,0,55.5,0,0,A.5. 11206,8.05,3.0,3.0,mr
153,154,0,3,3,0,40.5,0,2,A/5. 851,1.611111111111111,3.0,3.0,mr
154,155,0,3,3,0,26.5,0,0,Fa 265302,7.3125,3.0,3.0,mr
155,156,0,1,3,0,51.0,0,1,PC 17597,15.3448,1.0,1.0,mr
156,157,1,3,1,1,16.0,0,0,35851,7.7333,2.0,2.0,miss
157,158,0,3,3,0,30.0,0,0,SOTON/OQ 392090,8.05,3.0,3.0,mr
158,159,0,3,3,0,26.5,0,0,315037,8.6625,3.0,3.0,mr
159,160,0,3,6,0,26.5,8,2,CA. 2343,0.574793388429752,3.0,3.0,master
160,161,0,3,3,0,44.0,0,1,371362,4.025,3.0,3.0,mr
161,162,1,2,2,1,40.0,0,0,C.A. 33595,15.75,3.0,3.0,mrs
162,163,0,3,3,0,26.0,0,0,347068,7.775,3.0,3.0,mr
163,164,0,3,3,0,17.0,0,0,315093,8.6625,3.0,3.0,mr
164,165,0,3,6,0,1.0,4,1,3101295,1.1024305555555556,3.0,3.0,master
165,166,1,3,6,0,9.0,0,2,363291,2.2805555555555554,3.0,3.0,master
166,167,1,1,2,1,34.6,0,1,113505,13.75,E33,3.0,mrs
167,168,0,3,2,1,45.0,1,4,347088,0.7749999999999999,3.0,3.0,mrs
168,169,0,1,3,0,41.3,0,0,PC 17318,25.925,3.0,3.0,mr
169,170,0,3,3,0,28.0,0,0,1601,56.4958,3.0,3.0,mr
170,171,0,1,3,0,61.0,0,0,111240,33.5,B19,3.0,mr
171,172,0,3,6,0,4.0,4,1,382652,0.8090277777777778,2.0,2.0,master
172,173,1,3,1,1,1.0,1,1,347742,1.2370333333333334,3.0,3.0,miss
173,174,0,3,3,0,21.0,0,0,STON/O 2. 3101280,7.925,3.0,3.0,mr
174,175,0,1,3,0,56.0,0,0,17764,30.6958,A7,1.0,mr
175,176,0,3,3,0,18.0,1,1,350404,0.8726888888888888,3.0,3.0,mr
176,177,0,3,6,0,26.5,3,1,4133,1.018668,3.0,3.0,master
177,178,0,1,1,1,50.0,0,0,PC 17595,28.7125,C49,1.0,miss
178,179,0,2,3,0,30.0,0,0,250653,13.0,3.0,3.0,mr
179,180,0,3,3,0,36.0,0,0,LINE,0.0,3.0,3.0,mr
180,181,0,3,1,1,21.8,8,2,CA. 2343,0.574793388429752,3.0,3.0,miss
181,182,0,2,3,0,30.7,0,0,SC/PARIS 2131,15.05,1.0,1.0,mr
182,183,0,3,6,0,9.0,4,2,347077,0.6405612244897959,3.0,3.0,master
183,184,1,2,6,0,1.0,2,1,230136,2.4375,F4,3.0,master
184,185,1,3,1,1,4.0,0,2,315153,2.447222222222222,3.0,3.0,miss
185,186,0,1,3,0,41.3,0,0,113767,50.0,A32,3.0,mr
186,187,1,3,2,1,21.8,1,0,370365,3.875,2.0,2.0,mrs
187,188,1,1,3,0,45.0,0,0,111428,26.55,3.0,3.0,mr
188,189,0,3,3,0,40.0,1,1,364849,1.7222222222222223,2.0,2.0,mr
189,190,0,3,3,0,36.0,0,0,349247,7.8958,3.0,3.0,mr
190,191,1,2,2,1,32.0,0,0,234604,13.0,3.0,3.0,mrs
191,192,0,2,3,0,19.0,0,0,28424,13.0,3.0,3.0,mr
192,193,1,3,1,1,19.0,1,0,350046,1.96355,3.0,3.0,miss
193,194,1,2,6,0,3.0,1,1,230080,2.888888888888889,F2,3.0,master
194,195,1,1,2,1,44.0,0,0,PC 17610,27.7208,B4,1.0,mrs
195,196,1,1,1,1,58.0,0,0,PC 17569,146.5208,B80,1.0,miss
196,197,0,3,3,0,26.5,0,0,368703,7.75,2.0,2.0,mr
197,198,0,3,3,0,42.0,0,1,4579,2.10105,3.0,3.0,mr
198,199,1,3,1,1,21.8,0,0,370370,7.75,2.0,2.0,miss
199,200,0,2,1,1,24.0,0,0,248747,13.0,3.0,3.0,miss
200,201,0,3,3,0,28.0,0,0,345770,9.5,3.0,3.0,mr
201,202,0,3,3,0,26.5,8,2,CA. 2343,0.574793388429752,3.0,3.0,mr
202,203,0,3,3,0,34.0,0,0,3101264,6.4958,3.0,3.0,mr
203,204,0,3,3,0,45.5,0,0,2628,7.225,1.0,1.0,mr
204,205,1,3,3,0,18.0,0,0,A/5 3540,8.05,3.0,3.0,mr
205,206,0,3,1,1,2.0,0,1,347054,2.615625,G6,3.0,miss
206,207,0,3,3,0,32.0,1,0,3101278,3.9625,3.0,3.0,mr
207,208,1,3,3,0,26.0,0,0,2699,18.7875,1.0,1.0,mr
208,209,1,3,1,1,16.0,0,0,367231,7.75,2.0,2.0,miss
209,210,1,1,3,0,40.0,0,0,112277,31.0,A31,1.0,mr
210,211,0,3,3,0,24.0,0,0,SOTON/O.Q. 3101311,7.05,3.0,3.0,mr
211,212,1,2,1,1,35.0,0,0,F.C.C. 13528,21.0,3.0,3.0,miss
212,213,0,3,3,0,22.0,0,0,A/5 21174,7.25,3.0,3.0,mr
213,214,0,2,3,0,30.0,0,0,250646,13.0,3.0,3.0,mr
214,215,0,3,3,0,26.5,1,0,367229,1.9375,2.0,2.0,mr
215,216,1,1,1,1,31.0,1,0,35273,28.31875,D36,1.0,miss
216,217,1,3,1,1,27.0,0,0,STON/O2. 3101283,7.925,3.0,3.0,miss
217,218,0,2,3,0,42.0,1,0,243847,6.75,3.0,3.0,mr
218,219,1,1,1,1,32.0,0,0,11813,76.2917,D15,1.0,miss
219,220,0,2,3,0,30.0,0,0,W/C 14208,10.5,3.0,3.0,mr
220,221,1,3,3,0,16.0,0,0,SOTON/OQ 392089,8.05,3.0,3.0,mr
221,222,0,2,3,0,27.0,0,0,220367,13.0,3.0,3.0,mr
222,223,0,3,3,0,51.0,0,0,21440,8.05,3.0,3.0,mr
223,224,0,3,3,0,26.5,0,0,349234,7.8958,3.0,3.0,mr
224,225,1,1,3,0,38.0,1,0,19943,22.5,C93,3.0,mr
225,226,0,3,3,0,22.0,0,0,PP 4348,9.35,3.0,3.0,mr
226,227,1,2,3,0,19.0,0,0,SW/PP 751,10.5,3.0,3.0,mr
227,228,0,3,3,0,20.5,0,0,A/5 21173,7.25,3.0,3.0,mr
228,229,0,2,3,0,18.0,0,0,236171,13.0,3.0,3.0,mr
229,230,0,3,1,1,21.8,3,1,4133,1.018668,3.0,3.0,miss
230,231,1,1,2,1,35.0,1,0,36973,20.86875,C83,3.0,mrs
231,232,0,3,3,0,29.0,0,0,347067,7.775,3.0,3.0,mr
232,233,0,2,3,0,59.0,0,0,237442,13.5,3.0,3.0,mr
233,234,1,3,1,1,5.0,4,2,347077,0.6405612244897959,3.0,3.0,miss
234,235,0,2,3,0,24.0,0,0,C.A. 29566,10.5,3.0,3.0,mr
235,236,0,3,1,1,21.8,0,0,W./C. 6609,7.55,3.0,3.0,miss
236,237,0,2,3,0,44.0,1,0,26707,6.5,3.0,3.0,mr
237,238,1,2,1,1,8.0,0,2,C.A. 31921,2.9166666666666665,3.0,3.0,miss
238,239,0,2,3,0,19.0,0,0,28665,10.5,3.0,3.0,mr
239,240,0,2,3,0,33.0,0,0,SCO/W 1585,12.275,3.0,3.0,mr
240,241,0,3,1,1,21.8,1,0,2665,3.61355,1.0,1.0,miss
241,242,1,3,1,1,21.8,1,0,367230,3.875,2.0,2.0,miss
242,243,0,2,3,0,29.0,0,0,W./C. 14263,10.5,3.0,3.0,mr
243,244,0,3,3,0,22.0,0,0,STON/O 2. 3101275,7.125,3.0,3.0,mr
244,245,0,3,3,0,30.0,0,0,2694,7.225,1.0,1.0,mr
245,246,0,1,7,0,44.0,2,0,19928,10.0,C78,2.0,dr
246,247,0,3,1,1,25.0,0,0,347071,7.775,3.0,3.0,miss
247,248,1,2,2,1,24.0,0,2,250649,1.611111111111111,3.0,3.0,mrs
248,249,1,1,3,0,37.0,1,1,11751,5.839355555555556,D35,3.0,mr
249,250,0,2,8,0,54.0,1,0,244252,6.5,3.0,3.0,rev
250,251,0,3,3,0,26.5,0,0,362316,7.25,3.0,3.0,mr
251,252,0,3,2,1,29.0,1,1,347054,1.1625,G6,3.0,mrs
252,253,0,1,3,0,62.0,0,0,113514,26.55,C87,3.0,mr
253,254,0,3,3,0,30.0,1,0,A/5. 3336,4.025,3.0,3.0,mr
254,255,0,3,2,1,41.0,0,2,370129,2.245833333333333,3.0,3.0,mrs
255,256,1,3,2,1,29.0,0,2,2650,1.6939777777777776,1.0,1.0,mrs
256,257,1,1,2,1,34.6,0,0,PC 17585,79.2,1.0,1.0,mrs
257,258,1,1,1,1,30.0,0,0,110152,86.5,B77,3.0,miss
258,259,1,1,1,1,35.0,0,0,PC 17755,512.3292,1.0,1.0,miss
259,260,1,2,2,1,50.0,0,1,230433,6.5,3.0,3.0,mrs
260,261,0,3,3,0,26.5,0,0,384461,7.75,2.0,2.0,mr
261,262,1,3,6,0,3.0,4,2,347077,0.6405612244897959,3.0,3.0,master
262,263,0,1,3,0,52.0,1,1,110413,8.85,E67,3.0,mr
263,264,0,1,3,0,40.0,0,0,112059,0.0,B94,3.0,mr
264,265,0,3,1,1,21.8,0,0,382649,7.75,2.0,2.0,miss
265,266,0,2,3,0,36.0,0,0,C.A. 17248,10.5,3.0,3.0,mr
266,267,0,3,3,0,16.0,4,1,3101295,1.1024305555555556,3.0,3.0,mr
267,268,1,3,3,0,25.0,1,0,347083,1.94375,3.0,3.0,mr
268,269,1,1,2,1,58.0,0,1,PC 17582,38.365625,C125,3.0,mrs
269,270,1,1,1,1,35.0,0,0,PC 17760,135.6333,C99,3.0,miss
270,271,0,1,3,0,41.3,0,0,113798,31.0,3.0,3.0,mr
271,272,1,3,3,0,25.0,0,0,LINE,0.0,3.0,3.0,mr
272,273,1,2,2,1,41.0,0,1,250644,4.875,3.0,3.0,mrs
273,274,0,1,3,0,37.0,0,1,PC 17596,7.425,C118,1.0,mr
274,275,1,3,1,1,21.8,0,0,370375,7.75,2.0,2.0,miss
275,276,1,1,1,1,63.0,1,0,13502,19.489575,D7,3.0,miss
276,277,0,3,1,1,45.0,0,0,347073,7.75,3.0,3.0,miss
277,278,0,2,3,0,30.7,0,0,239853,0.0,3.0,3.0,mr
278,279,0,3,6,0,7.0,4,1,382652,0.8090277777777778,2.0,2.0,master
279,280,1,3,2,1,35.0,1,1,C.A. 2673,2.25,3.0,3.0,mrs
280,281,0,3,3,0,65.0,0,0,336439,7.75,2.0,2.0,mr
281,282,0,3,3,0,28.0,0,0,347464,7.8542,3.0,3.0,mr
282,283,0,3,3,0,16.0,0,0,345778,9.5,3.0,3.0,mr
283,284,1,3,3,0,19.0,0,0,A/5. 10482,8.05,3.0,3.0,mr
284,285,0,1,3,0,41.3,0,0,113056,26.0,A19,3.0,mr
285,286,0,3,3,0,33.0,0,0,349239,8.6625,1.0,1.0,mr
286,287,1,3,3,0,30.0,0,0,345774,9.5,3.0,3.0,mr
287,288,0,3,3,0,22.0,0,0,349206,7.8958,3.0,3.0,mr
288,289,1,2,3,0,42.0,0,0,237798,13.0,3.0,3.0,mr
289,290,1,3,1,1,22.0,0,0,370373,7.75,2.0,2.0,miss
290,291,1,1,1,1,26.0,0,0,19877,78.85,3.0,3.0,miss
291,292,1,1,2,1,19.0,1,0,11967,22.7698,B49,1.0,mrs
292,293,0,2,3,0,36.0,0,0,SC/Paris 2163,12.875,D,1.0,mr
293,294,0,3,1,1,24.0,0,0,349236,8.85,3.0,3.0,miss
294,295,0,3,3,0,24.0,0,0,349233,7.8958,3.0,3.0,mr
295,296,0,1,3,0,41.3,0,0,PC 17612,27.7208,1.0,1.0,mr
296,297,0,3,3,0,23.5,0,0,2693,7.2292,1.0,1.0,mr
297,298,0,1,1,1,2.0,1,2,113781,9.471875,C22 C26,3.0,miss
298,299,1,1,3,0,41.3,0,0,19988,30.5,C106,3.0,mr
299,300,1,1,2,1,50.0,0,1,PC 17558,61.8802,B58 B60,1.0,mrs
300,301,1,3,1,1,21.8,0,0,9234,7.75,2.0,2.0,miss
301,302,1,3,3,0,26.5,2,0,367226,2.5833333333333335,2.0,2.0,mr
302,303,0,3,3,0,19.0,0,0,LINE,0.0,3.0,3.0,mr
303,304,1,2,1,1,28.7,0,0,226593,12.35,E101,2.0,miss
304,305,0,3,3,0,26.5,0,0,A/5 2466,8.05,3.0,3.0,mr
305,306,1,1,6,0,0.92,1,2,113781,9.471875,C22 C26,3.0,master
306,307,1,1,1,1,34.6,0,0,17421,110.8833,1.0,1.0,miss
307,308,1,1,2,1,17.0,1,0,PC 17758,27.225,C65,1.0,mrs
308,309,0,2,3,0,30.0,1,0,P/PP 3381,6.0,1.0,1.0,mr
309,310,1,1,1,1,30.0,0,0,PC 17485,56.9292,E36,1.0,miss
310,311,1,1,1,1,24.0,0,0,11767,83.1583,C54,1.0,miss
311,312,1,1,1,1,18.0,2,2,PC 17608,10.495000000000001,B57 B59 B63 B66,1.0,miss
312,313,0,2,2,1,26.0,1,1,250651,2.888888888888889,3.0,3.0,mrs
313,314,0,3,3,0,28.0,0,0,349243,7.8958,3.0,3.0,mr
314,315,0,2,3,0,43.0,1,1,F.C.C. 13529,2.9166666666666665,3.0,3.0,mr
315,316,1,3,1,1,26.0,0,0,347470,7.8542,3.0,3.0,miss
316,317,1,2,2,1,24.0,1,0,244367,6.5,3.0,3.0,mrs
317,318,0,2,7,0,54.0,0,0,29011,14.0,3.0,3.0,dr
318,319,1,1,1,1,31.0,0,2,36928,18.318522222222224,C7,3.0,miss
319,320,1,1,2,1,40.0,1,1,16966,14.944444444444445,E34,1.0,mrs
320,321,0,3,3,0,22.0,0,0,A/5 21172,7.25,3.0,3.0,mr
321,322,0,3,3,0,27.0,0,0,349219,7.8958,3.0,3.0,mr
322,323,1,2,1,1,30.0,0,0,234818,12.35,2.0,2.0,miss
323,324,1,2,2,1,22.0,1,1,248738,3.222222222222222,3.0,3.0,mrs
324,325,0,3,3,0,26.5,8,2,CA. 2343,0.574793388429752,3.0,3.0,mr
325,326,1,1,1,1,36.0,0,0,PC 17760,135.6333,C32,1.0,miss
326,327,0,3,3,0,61.0,0,0,345364,6.2375,3.0,3.0,mr
327,328,1,2,2,1,36.0,0,0,28551,13.0,D,3.0,mrs
328,329,1,3,2,1,31.0,1,1,363291,2.2805555555555554,3.0,3.0,mrs
329,330,1,1,1,1,16.0,0,1,111361,14.4948,B18,1.0,miss
330,331,1,3,1,1,21.8,2,0,367226,2.5833333333333335,2.0,2.0,miss
331,332,0,1,3,0,45.5,0,0,113043,28.5,C124,3.0,mr
332,333,0,1,3,0,38.0,0,1,PC 17582,38.365625,C91,3.0,mr
333,334,0,3,3,0,16.0,2,0,345764,2.0,3.0,3.0,mr
334,335,1,1,2,1,34.6,1,0,PC 17611,33.4125,3.0,3.0,mrs
335,336,0,3,3,0,26.5,0,0,349225,7.8958,3.0,3.0,mr
336,337,0,1,3,0,29.0,1,0,113776,16.65,C2,3.0,mr
337,338,1,1,1,1,41.0,0,0,16966,134.5,E40,1.0,miss
338,339,1,3,3,0,45.0,0,0,7598,8.05,3.0,3.0,mr
339,340,0,1,3,0,45.0,0,0,113784,35.5,T,3.0,mr
340,341,1,2,6,0,2.0,1,1,230080,2.888888888888889,F2,3.0,master
341,342,1,1,1,1,24.0,3,2,19950,7.305555555555556,C23 C25 C27,3.0,miss
342,343,0,2,3,0,28.0,0,0,248740,13.0,3.0,3.0,mr
343,344,0,2,3,0,25.0,0,0,244361,13.0,3.0,3.0,mr
344,345,0,2,3,0,36.0,0,0,229236,13.0,3.0,3.0,mr
345,346,1,2,1,1,24.0,0,0,248733,13.0,F33,3.0,miss
346,347,1,2,1,1,40.0,0,0,31418,13.0,3.0,3.0,miss
347,348,1,3,2,1,21.8,1,0,386525,4.025,3.0,3.0,mrs
348,349,1,3,6,0,3.0,1,1,C.A. 37671,1.7666666666666666,3.0,3.0,master
349,350,0,3,3,0,42.0,0,0,315088,8.6625,3.0,3.0,mr
350,351,0,3,3,0,23.0,0,0,7267,9.225,3.0,3.0,mr
351,352,0,1,3,0,41.3,0,0,113510,35.0,C128,3.0,mr
352,353,0,3,3,0,15.0,1,1,2695,0.8032444444444443,1.0,1.0,mr
353,354,0,3,3,0,25.0,1,0,349237,4.45,3.0,3.0,mr
354,355,0,3,3,0,26.5,0,0,2647,7.225,1.0,1.0,mr
355,356,0,3,3,0,28.0,0,0,345783,9.5,3.0,3.0,mr
356,357,1,1,1,1,22.0,0,1,113505,13.75,E33,3.0,miss
357,358,0,2,1,1,38.0,0,0,237671,13.0,3.0,3.0,miss
358,359,1,3,1,1,21.8,0,0,330931,7.8792,2.0,2.0,miss
359,360,1,3,1,1,21.8,0,0,330980,7.8792,2.0,2.0,miss
360,361,0,3,3,0,40.0,1,4,347088,0.7749999999999999,3.0,3.0,mr
361,362,0,2,3,0,29.0,1,0,SC/PARIS 2167,6.9302,1.0,1.0,mr
362,363,0,3,2,1,45.0,0,1,2691,3.61355,1.0,1.0,mrs
363,364,0,3,3,0,35.0,0,0,SOTON/O.Q. 3101310,7.05,3.0,3.0,mr
364,365,0,3,3,0,26.5,1,0,370365,3.875,2.0,2.0,mr
365,366,0,3,3,0,30.0,0,0,C 7076,7.25,3.0,3.0,mr
366,367,1,1,2,1,60.0,1,0,110813,18.8125,D37,1.0,mrs
367,368,1,3,2,1,21.8,0,0,2626,7.2292,1.0,1.0,mrs
368,369,1,3,1,1,21.8,0,0,14313,7.75,2.0,2.0,miss
369,370,1,1,2,1,24.0,0,0,PC 17477,69.3,B35,1.0,mme
370,371,1,1,3,0,25.0,1,0,11765,13.860425,E50,1.0,mr
371,372,0,3,3,0,18.0,1,0,3101267,1.62395,3.0,3.0,mr
372,373,0,3,3,0,19.0,0,0,323951,8.05,3.0,3.0,mr
373,374,0,1,3,0,22.0,0,0,PC 17760,135.6333,1.0,1.0,mr
374,375,0,3,1,1,3.0,3,1,349909,0.843,3.0,3.0,miss
375,376,1,1,2,1,34.6,1,0,PC 17604,20.5427,1.0,1.0,mrs
376,377,1,3,1,1,22.0,0,0,C 7077,7.25,3.0,3.0,miss
377,378,0,1,3,0,27.0,0,2,113503,23.5,C82,1.0,mr
378,379,0,3,3,0,20.0,0,0,2648,4.0125,1.0,1.0,mr
379,380,0,3,3,0,19.0,0,0,347069,7.775,3.0,3.0,mr
380,381,1,1,1,1,42.0,0,0,PC 17757,227.525,1.0,1.0,miss
381,382,1,3,1,1,1.0,0,2,2653,1.7490777777777777,1.0,1.0,miss
382,383,0,3,3,0,32.0,0,0,STON/O 2. 3101293,7.925,3.0,3.0,mr
383,384,1,1,2,1,35.0,1,0,113789,13.0,3.0,3.0,mrs
384,385,0,3,3,0,26.5,0,0,349227,7.8958,3.0,3.0,mr
385,386,0,2,3,0,18.0,0,0,S.O.C. 14879,73.5,3.0,3.0,mr
386,387,0,3,6,0,1.0,5,2,CA 2144,0.7328125,3.0,3.0,master
387,388,1,2,1,1,36.0,0,0,27849,13.0,3.0,3.0,miss
388,389,0,3,3,0,26.5,0,0,367655,7.7292,2.0,2.0,mr
389,390,1,2,1,1,17.0,0,0,SC 1748,12.0,1.0,1.0,miss
390,391,1,1,3,0,36.0,1,2,113760,7.5,B96 B98,3.0,mr
391,392,1,3,3,0,21.0,0,0,350034,7.7958,3.0,3.0,mr
392,393,0,3,3,0,28.0,2,0,3101277,0.8805555555555555,3.0,3.0,mr
393,394,1,1,1,1,23.0,1,0,35273,28.31875,D36,1.0,miss
394,395,1,3,2,1,24.0,0,2,PP 9549,1.8555555555555554,G6,3.0,mrs
395,396,0,3,3,0,22.0,0,0,350052,7.7958,3.0,3.0,mr
396,397,0,3,1,1,31.0,0,0,350407,7.8542,3.0,3.0,miss
397,398,0,2,3,0,46.0,0,0,28403,26.0,3.0,3.0,mr
398,399,0,2,7,0,23.0,0,0,244278,10.5,3.0,3.0,dr
399,400,1,2,2,1,28.0,0,0,240929,12.65,3.0,3.0,mrs
400,401,1,3,3,0,39.0,0,0,STON/O 2. 3101289,7.925,3.0,3.0,mr
401,402,0,3,3,0,26.0,0,0,341826,8.05,3.0,3.0,mr
402,403,0,3,1,1,21.0,1,0,4137,2.45625,3.0,3.0,miss
403,404,0,3,3,0,28.0,1,0,STON/O2. 3101279,3.9625,3.0,3.0,mr
404,405,0,3,1,1,20.0,0,0,315096,8.6625,3.0,3.0,miss
405,406,0,2,3,0,34.0,1,0,28664,5.25,3.0,3.0,mr
406,407,0,3,3,0,51.0,0,0,347064,7.75,3.0,3.0,mr
407,408,1,2,6,0,3.0,1,1,29106,2.0833333333333335,3.0,3.0,master
408,409,0,3,3,0,21.0,0,0,312992,7.775,3.0,3.0,mr
409,410,0,3,1,1,21.8,3,1,4133,1.018668,3.0,3.0,miss
410,411,0,3,3,0,26.5,0,0,349222,7.8958,3.0,3.0,mr
411,412,0,3,3,0,26.5,0,0,394140,6.8583,2.0,2.0,mr
412,413,1,1,1,1,33.0,1,0,19928,22.5,C78,2.0,miss
413,414,0,2,3,0,30.7,0,0,239853,0.0,3.0,3.0,mr
414,415,1,3,3,0,44.0,0,0,STON/O 2. 3101269,7.925,3.0,3.0,mr
415,416,0,3,2,1,21.8,0,0,343095,8.05,3.0,3.0,mrs
416,417,1,2,2,1,34.0,1,1,28220,3.611111111111111,3.0,3.0,mrs
417,418,1,2,1,1,18.0,0,2,250652,1.4444444444444444,3.0,3.0,miss
418,419,0,2,3,0,30.0,0,0,28228,13.0,3.0,3.0,mr
419,420,0,3,1,1,10.0,0,2,345773,2.683333333333333,3.0,3.0,miss
420,421,0,3,3,0,26.5,0,0,349254,7.8958,1.0,1.0,mr
421,422,0,3,3,0,21.0,0,0,A/5. 13032,7.7333,2.0,2.0,mr
422,423,0,3,3,0,29.0,0,0,315082,7.875,3.0,3.0,mr
423,424,0,3,2,1,28.0,1,1,347080,1.5999999999999999,3.0,3.0,mrs
424,425,0,3,3,0,18.0,1,1,370129,2.245833333333333,3.0,3.0,mr
425,426,0,3,3,0,26.5,0,0,A/4. 34244,7.25,3.0,3.0,mr
426,427,1,2,2,1,28.0,1,0,2003,6.5,3.0,3.0,mrs
427,428,1,2,1,1,19.0,0,0,250655,26.0,3.0,3.0,miss
428,429,0,3,3,0,26.5,0,0,364851,7.75,2.0,2.0,mr
429,430,1,3,3,0,32.0,0,0,SOTON/O.Q. 392078,8.05,E10,3.0,mr
430,431,1,1,3,0,28.0,0,0,110564,26.55,C52,3.0,mr
431,432,1,3,2,1,21.8,1,0,376564,4.025,3.0,3.0,mrs
432,433,1,2,2,1,42.0,1,0,SC/AH 3085,6.5,3.0,3.0,mrs
433,434,0,3,3,0,17.0,0,0,STON/O 2. 3101274,7.125,3.0,3.0,mr
434,435,0,1,3,0,50.0,1,0,13507,13.975,E44,3.0,mr
435,436,1,1,1,1,14.0,1,2,113760,7.5,B96 B98,3.0,miss
436,437,0,3,1,1,21.0,2,2,W./C. 6608,1.375,3.0,3.0,miss
437,438,1,2,2,1,24.0,2,3,29106,0.5208333333333334,3.0,3.0,mrs
438,439,0,1,3,0,64.0,1,4,19950,7.305555555555556,C23 C25 C27,3.0,mr
439,440,0,2,3,0,31.0,0,0,C.A. 18723,10.5,3.0,3.0,mr
440,441,1,2,2,1,45.0,1,1,F.C.C. 13529,2.9166666666666665,3.0,3.0,mrs
441,442,0,3,3,0,20.0,0,0,345769,9.5,3.0,3.0,mr
442,443,0,3,3,0,25.0,1,0,347076,1.94375,3.0,3.0,mr
443,444,1,2,1,1,28.0,0,0,230434,13.0,3.0,3.0,ms
444,445,1,3,3,0,26.5,0,0,65306,8.1125,3.0,3.0,mr
445,446,1,1,6,0,4.0,0,2,33638,9.095366666666667,A34,3.0,master
446,447,1,2,1,1,13.0,0,1,250644,4.875,3.0,3.0,miss
447,448,1,1,3,0,34.0,0,0,113794,26.55,3.0,3.0,mr
448,449,1,3,1,1,5.0,2,1,2666,1.20364375,1.0,1.0,miss
449,450,1,1,4,0,52.0,0,0,113786,30.5,C104,3.0,major
450,451,0,2,3,0,36.0,1,2,C.A. 34651,1.734375,3.0,3.0,mr
451,452,0,3,3,0,26.5,1,0,65303,4.991675,3.0,3.0,mr
452,453,0,1,3,0,30.0,0,0,113051,27.75,C111,1.0,mr
453,454,1,1,3,0,49.0,1,0,17453,22.27605,C92,1.0,mr
454,455,0,3,3,0,26.5,0,0,A/5 2817,8.05,3.0,3.0,mr
455,456,1,3,3,0,29.0,0,0,349240,7.8958,1.0,1.0,mr
456,457,0,1,3,0,65.0,0,0,13509,26.55,E38,3.0,mr
457,458,1,1,2,1,34.6,1,0,17464,12.965625,D21,3.0,mrs
458,459,1,2,1,1,50.0,0,0,F.C.C. 13531,10.5,3.0,3.0,miss
459,460,0,3,3,0,26.5,0,0,371060,7.75,2.0,2.0,mr
460,461,1,1,3,0,48.0,0,0,19952,26.55,E12,3.0,mr
461,462,0,3,3,0,34.0,0,0,364506,8.05,3.0,3.0,mr
462,463,0,1,3,0,47.0,0,0,111320,38.5,E63,3.0,mr
463,464,0,2,3,0,48.0,0,0,234360,13.0,3.0,3.0,mr
464,465,0,3,3,0,26.5,0,0,A/S 2816,8.05,3.0,3.0,mr
465,466,0,3,3,0,38.0,0,0,SOTON/O.Q. 3101306,7.05,3.0,3.0,mr
466,467,0,2,3,0,30.7,0,0,239853,0.0,3.0,3.0,mr
467,468,0,1,3,0,56.0,0,0,113792,26.55,3.0,3.0,mr
468,469,0,3,3,0,26.5,0,0,36209,7.725,2.0,2.0,mr
469,470,1,3,1,1,0.75,2,1,2666,1.20364375,1.0,1.0,miss
470,471,0,3,3,0,26.5,0,0,323592,7.25,3.0,3.0,mr
471,472,0,3,3,0,38.0,0,0,315089,8.6625,3.0,3.0,mr
472,473,1,2,2,1,33.0,1,2,C.A. 34651,1.734375,3.0,3.0,mrs
473,474,1,2,2,1,23.0,0,0,SC/AH Basle 541,13.7917,D,1.0,mrs
474,475,0,3,1,1,22.0,0,0,7553,9.8375,3.0,3.0,miss
475,476,0,1,3,0,41.3,0,0,110465,52.0,A14,3.0,mr
476,477,0,2,3,0,34.0,1,0,31027,5.25,3.0,3.0,mr
477,478,0,3,3,0,29.0,1,0,3460,1.76145,3.0,3.0,mr
478,479,0,3,3,0,22.0,0,0,350060,7.5208,3.0,3.0,mr
479,480,1,3,1,1,2.0,0,1,3101298,3.071875,3.0,3.0,miss
480,481,0,3,6,0,9.0,5,2,CA 2144,0.7328125,3.0,3.0,master
481,482,0,2,3,0,30.7,0,0,239854,0.0,3.0,3.0,mr
482,483,0,3,3,0,50.0,0,0,A/5 3594,8.05,3.0,3.0,mr
483,484,1,3,2,1,63.0,0,0,4134,9.5875,3.0,3.0,mrs
484,485,1,1,3,0,25.0,1,0,11967,22.7698,B49,1.0,mr
485,486,0,3,1,1,21.8,3,1,4133,1.018668,3.0,3.0,miss
486,487,1,1,2,1,35.0,1,0,19943,22.5,C93,3.0,mrs
487,488,0,1,3,0,58.0,0,0,11771,29.7,B37,1.0,mr
488,489,0,3,3,0,30.0,0,0,A.5. 18509,8.05,3.0,3.0,mr
489,490,1,3,6,0,9.0,1,1,C.A. 37671,1.7666666666666666,3.0,3.0,master
490,491,0,3,3,0,26.5,1,0,65304,4.991675,3.0,3.0,mr
491,492,0,3,3,0,21.0,0,0,SOTON/OQ 3101317,7.25,3.0,3.0,mr
492,493,0,1,3,0,55.0,0,0,113787,30.5,C30,3.0,mr
493,494,0,1,3,0,71.0,0,0,PC 17609,49.5042,1.0,1.0,mr
494,495,0,3,3,0,21.0,0,0,A/4 45380,8.05,3.0,3.0,mr
495,496,0,3,3,0,26.5,0,0,2627,14.4583,1.0,1.0,mr
496,497,1,1,1,1,54.0,1,0,36947,19.566675,D20,1.0,miss
497,498,0,3,3,0,26.5,0,0,C.A. 6212,15.1,3.0,3.0,mr
498,499,0,1,2,1,25.0,1,2,113781,9.471875,C22 C26,3.0,mrs
499,500,0,3,3,0,24.0,0,0,350035,7.7958,3.0,3.0,mr
500,501,0,3,3,0,17.0,0,0,315086,8.6625,3.0,3.0,mr
501,502,0,3,1,1,21.0,0,0,364846,7.75,2.0,2.0,miss
502,503,0,3,1,1,21.8,0,0,330909,7.6292,2.0,2.0,miss
503,504,0,3,1,1,37.0,0,0,4135,9.5875,3.0,3.0,miss
504,505,1,1,1,1,16.0,0,0,110152,86.5,B79,3.0,miss
505,506,0,1,3,0,18.0,1,0,PC 17758,27.225,C65,1.0,mr
506,507,1,2,2,1,33.0,0,2,26360,2.888888888888889,3.0,3.0,mrs
507,508,1,1,3,0,41.3,0,0,111427,26.55,3.0,3.0,mr
508,509,0,3,3,0,28.0,0,0,C 4001,22.525,3.0,3.0,mr
509,510,1,3,3,0,26.0,0,0,1601,56.4958,3.0,3.0,mr
510,511,1,3,3,0,29.0,0,0,382651,7.75,2.0,2.0,mr
511,512,0,3,3,0,26.5,0,0,SOTON/OQ 3101316,8.05,3.0,3.0,mr
512,513,1,1,3,0,36.0,0,0,PC 17473,26.2875,E25,3.0,mr
513,514,1,1,2,1,54.0,1,0,PC 17603,14.85,1.0,1.0,mrs
514,515,0,3,3,0,24.0,0,0,349209,7.4958,3.0,3.0,mr
515,516,0,1,3,0,47.0,0,0,36967,34.0208,D46,3.0,mr
516,517,1,2,2,1,34.0,0,0,C.A. 34260,10.5,F33,3.0,mrs
517,518,0,3,3,0,26.5,0,0,371110,24.15,2.0,2.0,mr
518,519,1,2,2,1,36.0,1,0,226875,6.5,3.0,3.0,mrs
519,520,0,3,3,0,32.0,0,0,349242,7.8958,3.0,3.0,mr
520,521,1,1,1,1,30.0,0,0,12749,93.5,B73,3.0,miss
521,522,0,3,3,0,22.0,0,0,349252,7.8958,3.0,3.0,mr
522,523,0,3,3,0,26.5,0,0,2624,7.225,1.0,1.0,mr
523,524,1,1,2,1,44.0,0,1,111361,14.4948,B18,1.0,mrs
524,525,0,3,3,0,26.5,0,0,2700,7.2292,1.0,1.0,mr
525,526,0,3,3,0,40.5,0,0,367232,7.75,2.0,2.0,mr
526,527,1,2,1,1,50.0,0,0,W./C. 14258,10.5,3.0,3.0,miss
527,528,0,1,3,0,41.3,0,0,PC 17483,221.7792,C95,3.0,mr
528,529,0,3,3,0,39.0,0,0,3101296,7.925,3.0,3.0,mr
529,530,0,2,3,0,23.0,2,1,29104,0.71875,3.0,3.0,mr
530,531,1,2,1,1,2.0,1,1,26360,2.888888888888889,3.0,3.0,miss
531,532,0,3,3,0,26.5,0,0,2641,7.2292,1.0,1.0,mr
532,533,0,3,3,0,17.0,1,1,2690,0.8032444444444443,1.0,1.0,mr
533,534,1,3,2,1,21.8,0,2,2668,2.4842555555555554,1.0,1.0,mrs
534,535,0,3,1,1,30.0,0,0,315084,8.6625,3.0,3.0,miss
535,536,1,2,1,1,7.0,0,2,F.C.C. 13529,2.9166666666666665,3.0,3.0,miss
536,537,0,1,4,0,45.0,0,0,113050,26.55,B38,3.0,major
537,538,1,1,1,1,30.0,0,0,PC 17761,106.425,1.0,1.0,miss
538,539,0,3,3,0,26.5,0,0,364498,14.5,3.0,3.0,mr
539,540,1,1,1,1,22.0,0,2,13568,5.5,B39,1.0,miss
540,541,1,1,1,1,36.0,0,2,WE/P 5735,7.888888888888889,B22,3.0,miss
541,542,0,3,1,1,9.0,4,2,347082,0.6382653061224489,3.0,3.0,miss
542,543,0,3,1,1,11.0,4,2,347082,0.6382653061224489,3.0,3.0,miss
543,544,1,2,3,0,32.0,1,0,2908,6.5,3.0,3.0,mr
544,545,0,1,3,0,50.0,1,0,PC 17761,26.60625,C86,1.0,mr
545,546,0,1,3,0,64.0,0,0,693,26.0,3.0,3.0,mr
546,547,1,2,2,1,19.0,1,0,2908,6.5,3.0,3.0,mrs
547,548,1,2,3,0,30.7,0,0,SC/PARIS 2146,13.8625,1.0,1.0,mr
548,549,0,3,3,0,33.0,1,1,363291,2.2805555555555554,3.0,3.0,mr
549,550,1,2,6,0,8.0,1,1,C.A. 33112,4.083333333333333,3.0,3.0,master
550,551,1,1,3,0,17.0,0,2,17421,12.320366666666667,C70,1.0,mr
551,552,0,2,3,0,27.0,0,0,244358,26.0,3.0,3.0,mr
552,553,0,3,3,0,26.5,0,0,330979,7.8292,2.0,2.0,mr
553,554,1,3,3,0,22.0,0,0,2620,7.225,1.0,1.0,mr
554,555,1,3,1,1,22.0,0,0,347085,7.775,3.0,3.0,miss
555,556,0,1,3,0,62.0,0,0,113807,26.55,3.0,3.0,mr
556,557,1,1,5,1,48.0,1,0,11755,9.9,A16,1.0,lady
557,558,0,1,3,0,41.3,0,0,PC 17757,227.525,1.0,1.0,mr
558,559,1,1,2,1,39.0,1,1,110413,8.85,E67,3.0,mrs
559,560,1,3,2,1,36.0,1,0,345572,4.35,3.0,3.0,mrs
560,561,0,3,3,0,26.5,0,0,372622,7.75,2.0,2.0,mr
561,562,0,3,3,0,40.0,0,0,349251,7.8958,3.0,3.0,mr
562,563,0,2,3,0,28.0,0,0,218629,13.5,3.0,3.0,mr
563,564,0,3,3,0,26.5,0,0,SOTON/OQ 392082,8.05,3.0,3.0,mr
564,565,0,3,1,1,21.8,0,0,SOTON/O.Q. 392087,8.05,3.0,3.0,miss
565,566,0,3,3,0,24.0,2,0,A/4 48871,2.683333333333333,3.0,3.0,mr
566,567,0,3,3,0,19.0,0,0,349205,7.8958,3.0,3.0,mr
567,568,0,3,2,1,29.0,0,4,349909,0.843,3.0,3.0,mrs
568,569,0,3,3,0,26.5,0,0,2686,7.2292,1.0,1.0,mr
569,570,1,3,3,0,32.0,0,0,350417,7.8542,3.0,3.0,mr
570,571,1,2,3,0,62.0,0,0,S.W./PP 752,10.5,3.0,3.0,mr
571,572,1,1,2,1,53.0,2,0,11769,5.71991111111111,C101,3.0,mrs
572,573,1,1,3,0,36.0,0,0,PC 17474,26.3875,E25,3.0,mr
573,574,1,3,1,1,21.8,0,0,14312,7.75,2.0,2.0,miss
574,575,0,3,3,0,16.0,0,0,A/4. 20589,8.05,3.0,3.0,mr
575,576,0,3,3,0,19.0,0,0,358585,14.5,3.0,3.0,mr
576,577,1,2,1,1,34.0,0,0,243880,13.0,3.0,3.0,miss
577,578,1,1,2,1,39.0,1,0,13507,13.975,E44,3.0,mrs
578,579,0,3,2,1,21.8,1,0,2689,3.614575,1.0,1.0,mrs
579,580,1,3,3,0,32.0,0,0,STON/O 2. 3101286,7.925,3.0,3.0,mr
580,581,1,2,1,1,25.0,1,1,237789,3.3333333333333335,3.0,3.0,miss
581,582,1,1,2,1,39.0,1,1,17421,12.320366666666667,C68,1.0,mrs
582,583,0,2,3,0,54.0,0,0,28403,26.0,3.0,3.0,mr
583,584,0,1,3,0,36.0,0,0,13049,40.125,A10,1.0,mr
584,585,0,3,3,0,26.5,0,0,3411,8.7125,1.0,1.0,mr
585,586,1,1,1,1,18.0,0,2,110413,8.85,E68,3.0,miss
586,587,0,2,3,0,47.0,0,0,237565,15.0,3.0,3.0,mr
587,588,1,1,3,0,60.0,1,1,13567,8.8,B41,1.0,mr
588,589,0,3,3,0,22.0,0,0,14973,8.05,3.0,3.0,mr
589,590,0,3,3,0,26.5,0,0,A./5. 3235,8.05,3.0,3.0,mr
590,591,0,3,3,0,35.0,0,0,STON/O 2. 3101273,7.125,3.0,3.0,mr
591,592,1,1,2,1,52.0,1,0,36947,19.566675,D20,1.0,mrs
592,593,0,3,3,0,47.0,0,0,A/5 3902,7.25,3.0,3.0,mr
593,594,0,3,1,1,21.8,0,2,364848,0.8611111111111112,2.0,2.0,miss
594,595,0,2,3,0,37.0,1,0,SC/AH 29037,6.5,3.0,3.0,mr
595,596,0,3,3,0,36.0,1,1,345773,2.683333333333333,3.0,3.0,mr
596,597,1,2,1,1,28.7,0,0,248727,33.0,3.0,3.0,miss
597,598,0,3,3,0,49.0,0,0,LINE,0.0,3.0,3.0,mr
598,599,0,3,3,0,26.5,0,0,2664,7.225,1.0,1.0,mr
599,600,1,1,5,0,49.0,1,0,PC 17485,14.2323,A20,1.0,sir
600,601,1,2,2,1,24.0,2,1,243847,1.6875,3.0,3.0,mrs
601,602,0,3,3,0,26.5,0,0,349214,7.8958,3.0,3.0,mr
602,603,0,1,3,0,41.3,0,0,113796,42.4,3.0,3.0,mr
603,604,0,3,3,0,44.0,0,0,364511,8.05,3.0,3.0,mr
604,605,1,1,3,0,35.0,0,0,111426,26.55,1.0,1.0,mr
605,606,0,3,3,0,36.0,1,0,349910,3.8875,3.0,3.0,mr
606,607,0,3,3,0,30.0,0,0,349246,7.8958,3.0,3.0,mr
607,608,1,1,3,0,27.0,0,0,113804,30.5,3.0,3.0,mr
608,609,1,2,2,1,22.0,1,2,SC/Paris 2123,2.5987,1.0,1.0,mrs
609,610,1,1,1,1,40.0,0,0,PC 17582,153.4625,C125,3.0,miss
610,611,0,3,2,1,39.0,1,5,347082,0.6382653061224489,3.0,3.0,mrs
611,612,0,3,3,0,26.5,0,0,SOTON/O.Q. 3101305,7.05,3.0,3.0,mr
612,613,1,3,1,1,21.8,1,0,367230,3.875,2.0,2.0,miss
613,614,0,3,3,0,26.5,0,0,370377,7.75,2.0,2.0,mr
614,615,0,3,3,0,35.0,0,0,364512,8.05,3.0,3.0,mr
615,616,1,2,1,1,24.0,1,2,220845,4.0625,3.0,3.0,miss
616,617,0,3,3,0,34.0,1,1,347080,1.5999999999999999,3.0,3.0,mr
617,618,0,3,2,1,26.0,1,0,A/5. 3336,4.025,3.0,3.0,mrs
618,619,1,2,1,1,4.0,2,1,230136,2.4375,F4,3.0,miss
619,620,0,2,3,0,26.0,0,0,31028,10.5,3.0,3.0,mr
620,621,0,3,3,0,27.0,1,0,2659,3.61355,1.0,1.0,mr
621,622,1,1,3,0,42.0,1,0,11753,13.13855,D19,3.0,mr
622,623,1,3,3,0,20.0,1,1,2653,1.7490777777777777,1.0,1.0,mr
623,624,0,3,3,0,21.0,0,0,350029,7.8542,3.0,3.0,mr
624,625,0,3,3,0,21.0,0,0,54636,16.1,3.0,3.0,mr
625,626,0,1,3,0,61.0,0,0,36963,32.3208,D50,3.0,mr
626,627,0,2,8,0,57.0,0,0,219533,12.35,2.0,2.0,rev
627,628,1,1,1,1,21.0,0,0,13502,77.9583,D9,3.0,miss
628,629,0,3,3,0,26.0,0,0,349224,7.8958,3.0,3.0,mr
629,630,0,3,3,0,26.5,0,0,334912,7.7333,2.0,2.0,mr
630,631,1,1,3,0,80.0,0,0,27042,30.0,A23,3.0,mr
631,632,0,3,3,0,51.0,0,0,347743,7.0542,3.0,3.0,mr
632,633,1,1,7,0,32.0,0,0,13214,30.5,B50,1.0,dr
633,634,0,1,3,0,41.3,0,0,112052,0.0,3.0,3.0,mr
634,635,0,3,1,1,9.0,3,2,347088,0.7749999999999999,3.0,3.0,miss
635,636,1,2,1,1,28.0,0,0,237668,13.0,3.0,3.0,miss
636,637,0,3,3,0,32.0,0,0,STON/O 2. 3101292,7.925,3.0,3.0,mr
637,638,0,2,3,0,31.0,1,1,C.A. 31921,2.9166666666666665,3.0,3.0,mr
638,639,0,3,2,1,41.0,0,5,3101295,1.1024305555555556,3.0,3.0,mrs
639,640,0,3,3,0,26.5,1,0,376564,4.025,3.0,3.0,mr
640,641,0,3,3,0,20.0,0,0,350050,7.8542,3.0,3.0,mr
641,642,1,1,1,1,24.0,0,0,PC 17477,69.3,B35,1.0,mlle
642,643,0,3,1,1,2.0,3,2,347088,0.7749999999999999,3.0,3.0,miss
643,644,1,3,3,0,26.5,0,0,1601,56.4958,3.0,3.0,mr
644,645,1,3,1,1,0.75,2,1,2666,1.20364375,1.0,1.0,miss
645,646,1,1,3,0,48.0,1,0,PC 17572,19.1823,D33,1.0,mr
646,647,0,3,3,0,19.0,0,0,349231,7.8958,3.0,3.0,mr
647,648,1,1,4,0,56.0,0,0,13213,35.5,A26,1.0,col
648,649,0,3,3,0,26.5,0,0,S.O./P.P. 751,7.55,3.0,3.0,mr
649,650,1,3,1,1,23.0,0,0,CA. 2314,7.55,3.0,3.0,miss
650,651,0,3,3,0,26.5,0,0,349221,7.8958,3.0,3.0,mr
651,652,1,2,1,1,18.0,0,1,231919,5.75,3.0,3.0,miss
652,653,0,3,3,0,21.0,0,0,8475,8.4333,3.0,3.0,mr
653,654,1,3,1,1,21.8,0,0,330919,7.8292,2.0,2.0,miss
654,655,0,3,1,1,18.0,0,0,365226,6.75,2.0,2.0,miss
655,656,0,2,3,0,24.0,2,0,S.O.C. 14879,8.166666666666666,3.0,3.0,mr
656,657,0,3,3,0,26.5,0,0,349223,7.8958,3.0,3.0,mr
657,658,0,3,2,1,32.0,1,1,364849,1.7222222222222223,2.0,2.0,mrs
658,659,0,2,3,0,23.0,0,0,29751,13.0,3.0,3.0,mr
659,660,0,1,3,0,58.0,0,2,35273,12.58611111111111,D48,1.0,mr
660,661,1,1,7,0,50.0,2,0,PC 17611,14.850000000000001,3.0,3.0,dr
661,662,0,3,3,0,40.0,0,0,2623,7.225,1.0,1.0,mr
662,663,0,1,3,0,47.0,0,0,5727,25.5875,E58,3.0,mr
663,664,0,3,3,0,36.0,0,0,349210,7.4958,3.0,3.0,mr
664,665,1,3,3,0,20.0,1,0,STON/O 2. 3101285,1.98125,3.0,3.0,mr
665,666,0,2,3,0,32.0,2,0,S.O.C. 14879,8.166666666666666,3.0,3.0,mr
666,667,0,2,3,0,25.0,0,0,234686,13.0,3.0,3.0,mr
667,668,0,3,3,0,26.5,0,0,312993,7.775,3.0,3.0,mr
668,669,0,3,3,0,43.0,0,0,A/5 3536,8.05,3.0,3.0,mr
669,670,1,1,2,1,34.6,1,0,19996,13.0,C126,3.0,mrs
670,671,1,2,2,1,40.0,1,1,29750,4.333333333333333,3.0,3.0,mrs
671,672,0,1,3,0,31.0,1,0,F.C. 12750,13.0,B71,3.0,mr
672,673,0,2,3,0,70.0,0,0,C.A. 24580,10.5,3.0,3.0,mr
673,674,1,2,3,0,31.0,0,0,244270,13.0,3.0,3.0,mr
674,675,0,2,3,0,30.7,0,0,239856,0.0,3.0,3.0,mr
675,676,0,3,3,0,18.0,0,0,349912,7.775,3.0,3.0,mr
676,677,0,3,3,0,24.5,0,0,342826,8.05,3.0,3.0,mr
677,678,1,3,1,1,18.0,0,0,4138,9.8417,3.0,3.0,miss
678,679,0,3,2,1,43.0,1,6,CA 2144,0.7328125,3.0,3.0,mrs
679,680,1,1,3,0,36.0,0,1,PC 17755,128.0823,B51 B53 B55,1.0,mr
680,681,0,3,1,1,21.8,0,0,330935,8.1375,2.0,2.0,miss
681,682,1,1,3,0,27.0,0,0,PC 17572,76.7292,D49,1.0,mr
682,683,0,3,3,0,20.0,0,0,6563,9.225,3.0,3.0,mr
683,684,0,3,3,0,14.0,5,2,CA 2144,0.7328125,3.0,3.0,mr
684,685,0,2,3,0,60.0,1,1,29750,4.333333333333333,3.0,3.0,mr
685,686,0,2,3,0,25.0,1,2,SC/Paris 2123,2.5987,1.0,1.0,mr
686,687,0,3,3,0,14.0,4,1,3101295,1.1024305555555556,3.0,3.0,mr
687,688,0,3,3,0,19.0,0,0,349228,10.1708,3.0,3.0,mr
688,689,0,3,3,0,18.0,0,0,350036,7.7958,3.0,3.0,mr
689,690,1,1,1,1,15.0,0,1,24160,52.834375,B5,3.0,miss
690,691,1,1,3,0,31.0,1,0,17474,14.25,B20,3.0,mr
691,692,1,3,1,1,4.0,0,1,349256,3.354175,1.0,1.0,miss
692,693,1,3,3,0,26.5,0,0,1601,56.4958,3.0,3.0,mr
693,694,0,3,3,0,25.0,0,0,2672,7.225,1.0,1.0,mr
694,695,0,1,4,0,60.0,0,0,113800,26.55,3.0,3.0,col
695,696,0,2,3,0,52.0,0,0,248731,13.5,3.0,3.0,mr
696,697,0,3,3,0,44.0,0,0,363592,8.05,3.0,3.0,mr
697,698,1,3,1,1,21.8,0,0,35852,7.7333,2.0,2.0,miss
698,699,0,1,3,0,49.0,1,1,17421,12.320366666666667,C68,1.0,mr
699,700,0,3,3,0,42.0,0,0,348121,7.65,F G63,3.0,mr
700,701,1,1,2,1,18.0,1,0,PC 17757,56.88125,C62 C64,1.0,mrs
701,702,1,1,3,0,35.0,0,0,PC 17475,26.2875,E24,3.0,mr
702,703,0,3,1,1,18.0,0,1,2691,3.61355,1.0,1.0,miss
703,704,0,3,3,0,25.0,0,0,36864,7.7417,2.0,2.0,mr
704,705,0,3,3,0,26.0,1,0,350025,1.96355,3.0,3.0,mr
705,706,0,2,3,0,39.0,0,0,250655,26.0,3.0,3.0,mr
706,707,1,2,2,1,45.0,0,0,223596,13.5,3.0,3.0,mrs
707,708,1,1,3,0,42.0,0,0,PC 17476,26.2875,E24,3.0,mr
708,709,1,1,1,1,22.0,0,0,113781,151.55,3.0,3.0,miss
709,710,1,3,6,0,26.5,1,1,2661,1.6939777777777776,1.0,1.0,master
710,711,1,1,1,1,24.0,0,0,PC 17482,49.5042,C90,1.0,mlle
711,712,0,1,3,0,41.3,0,0,113028,26.55,C124,3.0,mr
712,713,1,1,3,0,48.0,1,0,19996,13.0,C126,3.0,mr
713,714,0,3,3,0,29.0,0,0,7545,9.4833,3.0,3.0,mr
714,715,0,2,3,0,52.0,0,0,250647,13.0,3.0,3.0,mr
715,716,0,3,3,0,19.0,0,0,348124,7.65,F G73,3.0,mr
716,717,1,1,1,1,38.0,0,0,PC 17757,227.525,C45,1.0,miss
717,718,1,2,1,1,27.0,0,0,34218,10.5,E101,3.0,miss
718,719,0,3,3,0,26.5,0,0,36568,15.5,2.0,2.0,mr
719,720,0,3,3,0,33.0,0,0,347062,7.775,3.0,3.0,mr
720,721,1,2,1,1,6.0,0,1,248727,8.25,3.0,3.0,miss
721,722,0,3,3,0,17.0,1,0,350048,1.76355,3.0,3.0,mr
722,723,0,2,3,0,34.0,0,0,12233,13.0,3.0,3.0,mr
723,724,0,2,3,0,50.0,0,0,250643,13.0,3.0,3.0,mr
724,725,1,1,3,0,27.0,1,0,113806,13.275,E8,3.0,mr
725,726,0,3,3,0,20.0,0,0,315094,8.6625,3.0,3.0,mr
726,727,1,2,2,1,30.0,3,0,31027,1.3125,3.0,3.0,mrs
727,728,1,3,1,1,21.8,0,0,36866,7.7375,2.0,2.0,miss
728,729,0,2,3,0,25.0,1,0,236853,6.5,3.0,3.0,mr
729,730,0,3,1,1,25.0,1,0,STON/O2. 3101271,1.98125,3.0,3.0,miss
730,731,1,1,1,1,29.0,0,0,24160,211.3375,B5,3.0,miss
731,732,0,3,3,0,11.0,0,0,2699,18.7875,1.0,1.0,mr
732,733,0,2,3,0,30.7,0,0,239855,0.0,3.0,3.0,mr
733,734,0,2,3,0,23.0,0,0,28425,13.0,3.0,3.0,mr
734,735,0,2,3,0,23.0,0,0,233639,13.0,3.0,3.0,mr
735,736,0,3,3,0,28.5,0,0,54636,16.1,3.0,3.0,mr
736,737,0,3,2,1,48.0,1,3,W./C. 6608,1.375,3.0,3.0,mrs
737,738,1,1,3,0,35.0,0,0,PC 17755,512.3292,B101,1.0,mr
738,739,0,3,3,0,26.5,0,0,349201,7.8958,3.0,3.0,mr
739,740,0,3,3,0,26.5,0,0,349218,7.8958,3.0,3.0,mr
740,741,1,1,3,0,41.3,0,0,16988,30.0,D45,3.0,mr
741,742,0,1,3,0,36.0,1,0,19877,19.7125,C46,3.0,mr
742,743,1,1,1,1,21.0,2,2,PC 17608,10.495000000000001,B57 B59 B63 B66,1.0,miss
743,744,0,3,3,0,24.0,1,0,376566,4.025,3.0,3.0,mr
744,745,1,3,3,0,31.0,0,0,STON/O 2. 3101288,7.925,3.0,3.0,mr
745,746,0,1,4,0,70.0,1,1,WE/P 5735,7.888888888888889,B22,3.0,capt
746,747,0,3,3,0,16.0,1,1,C.A. 2673,2.25,3.0,3.0,mr
747,748,1,2,1,1,30.0,0,0,250648,13.0,3.0,3.0,miss
748,749,0,1,3,0,19.0,1,0,113773,13.275,D30,3.0,mr
749,750,0,3,3,0,31.0,0,0,335097,7.75,2.0,2.0,mr
750,751,1,2,1,1,4.0,1,1,29103,2.555555555555556,3.0,3.0,miss
751,752,1,3,6,0,6.0,0,1,392096,3.11875,E121,3.0,master
752,753,0,3,3,0,33.0,0,0,345780,9.5,3.0,3.0,mr
753,754,0,3,3,0,23.0,0,0,349204,7.8958,3.0,3.0,mr
754,755,1,2,2,1,48.0,1,2,220845,4.0625,3.0,3.0,mrs
755,756,1,2,6,0,0.67,1,1,250649,1.611111111111111,3.0,3.0,master
756,757,0,3,3,0,28.0,0,0,350042,7.7958,3.0,3.0,mr
757,758,0,2,3,0,18.0,0,0,29108,11.5,3.0,3.0,mr
758,759,0,3,3,0,34.0,0,0,363294,8.05,3.0,3.0,mr
759,760,1,1,5,1,33.0,0,0,110152,86.5,B77,3.0,the countess
760,761,0,3,3,0,26.5,0,0,358585,14.5,3.0,3.0,mr
761,762,0,3,3,0,41.0,0,0,SOTON/O2 3101272,7.125,3.0,3.0,mr
762,763,1,3,3,0,20.0,0,0,2663,7.2292,1.0,1.0,mr
763,764,1,1,2,1,36.0,1,2,113760,7.5,B96 B98,3.0,mrs
764,765,0,3,3,0,16.0,0,0,347074,7.775,3.0,3.0,mr
765,766,1,1,2,1,51.0,1,0,13502,19.489575,D11,3.0,mrs
766,767,0,1,7,0,41.3,0,0,112379,39.6,1.0,1.0,dr
767,768,0,3,1,1,30.5,0,0,364850,7.75,2.0,2.0,miss
768,769,0,3,3,0,26.5,1,0,371110,6.0375,2.0,2.0,mr
769,770,0,3,3,0,32.0,0,0,8471,8.3625,3.0,3.0,mr
770,771,0,3,3,0,24.0,0,0,345781,9.5,3.0,3.0,mr
771,772,0,3,3,0,48.0,0,0,350047,7.8542,3.0,3.0,mr
772,773,0,2,2,1,57.0,0,0,S.O./P.P. 3,10.5,E77,3.0,mrs
773,774,0,3,3,0,26.5,0,0,2674,7.225,1.0,1.0,mr
774,775,1,2,2,1,54.0,1,3,29105,0.9199999999999999,3.0,3.0,mrs
775,776,0,3,3,0,18.0,0,0,347078,7.75,3.0,3.0,mr
776,777,0,3,3,0,26.5,0,0,383121,7.75,F38,2.0,mr
777,778,1,3,1,1,5.0,0,0,364516,12.475,3.0,3.0,miss
778,779,0,3,3,0,26.5,0,0,36865,7.7375,2.0,2.0,mr
779,780,1,1,2,1,43.0,0,1,24160,52.834375,B3,3.0,mrs
780,781,1,3,1,1,13.0,0,0,2687,7.2292,1.0,1.0,miss
781,782,1,1,2,1,17.0,1,0,17474,14.25,B20,3.0,mrs
782,783,0,1,3,0,29.0,0,0,113501,30.0,D6,3.0,mr
783,784,0,3,3,0,26.5,1,2,W./C. 6607,1.465625,3.0,3.0,mr
784,785,0,3,3,0,25.0,0,0,SOTON/O.Q. 3101312,7.05,3.0,3.0,mr
785,786,0,3,3,0,25.0,0,0,374887,7.25,3.0,3.0,mr
786,787,1,3,1,1,18.0,0,0,3101265,7.4958,3.0,3.0,miss
787,788,0,3,6,0,8.0,4,1,382652,0.8090277777777778,2.0,2.0,master
788,789,1,3,6,0,1.0,1,2,C.A. 2315,1.2859375,3.0,3.0,master
789,790,0,1,3,0,46.0,0,0,PC 17593,79.2,B82 B84,1.0,mr
790,791,0,3,3,0,26.5,0,0,12460,7.75,2.0,2.0,mr
791,792,0,2,3,0,16.0,0,0,239865,26.0,3.0,3.0,mr
792,793,0,3,1,1,21.8,8,2,CA. 2343,0.574793388429752,3.0,3.0,miss
793,794,0,1,3,0,41.3,0,0,PC 17600,30.6958,1.0,1.0,mr
794,795,0,3,3,0,25.0,0,0,349203,7.8958,3.0,3.0,mr
795,796,0,2,3,0,39.0,0,0,28213,13.0,3.0,3.0,mr
796,797,1,1,7,1,49.0,0,0,17465,25.9292,D17,3.0,dr
797,798,1,3,2,1,31.0,0,0,349244,8.6833,3.0,3.0,mrs
798,799,0,3,3,0,30.0,0,0,2685,7.2292,1.0,1.0,mr
799,800,0,3,2,1,30.0,1,1,345773,2.683333333333333,3.0,3.0,mrs
800,801,0,2,3,0,34.0,0,0,250647,13.0,3.0,3.0,mr
801,802,1,2,2,1,31.0,1,1,C.A. 31921,2.9166666666666665,3.0,3.0,mrs
802,803,1,1,6,0,11.0,1,2,113760,7.5,B96 B98,3.0,master
803,804,1,3,6,0,0.42,0,1,2625,2.129175,1.0,1.0,master
804,805,1,3,3,0,27.0,0,0,347089,6.975,3.0,3.0,mr
805,806,0,3,3,0,31.0,0,0,347063,7.775,3.0,3.0,mr
806,807,0,1,3,0,39.0,0,0,112050,0.0,A36,3.0,mr
807,808,0,3,1,1,18.0,0,0,347087,7.775,3.0,3.0,miss
808,809,0,2,3,0,39.0,0,0,248723,13.0,3.0,3.0,mr
809,810,1,1,2,1,33.0,1,0,113806,13.275,E8,3.0,mrs
810,811,0,3,3,0,26.0,0,0,3474,7.8875,3.0,3.0,mr
811,812,0,3,3,0,39.0,0,0,A/4 48871,24.15,3.0,3.0,mr
812,813,0,2,3,0,35.0,0,0,28206,10.5,3.0,3.0,mr
813,814,0,3,1,1,6.0,4,2,347082,0.6382653061224489,3.0,3.0,miss
814,815,0,3,3,0,30.5,0,0,364499,8.05,3.0,3.0,mr
815,816,0,1,3,0,41.3,0,0,112058,0.0,B102,3.0,mr
816,817,0,3,1,1,23.0,0,0,STON/O2. 3101290,7.925,3.0,3.0,miss
817,818,0,2,3,0,31.0,1,1,S.C./PARIS 2079,4.111577777777778,1.0,1.0,mr
818,819,0,3,3,0,43.0,0,0,C 7075,6.45,3.0,3.0,mr
819,820,0,3,6,0,10.0,3,2,347088,0.7749999999999999,3.0,3.0,master
820,821,1,1,2,1,52.0,1,1,12749,10.38888888888889,B69,3.0,mrs
821,822,1,3,3,0,27.0,0,0,315098,8.6625,3.0,3.0,mr
822,823,0,1,0,0,38.0,0,0,19972,0.0,3.0,3.0,jonkheer
823,824,1,3,2,1,27.0,0,1,392096,3.11875,E121,3.0,mrs
824,825,0,3,6,0,2.0,4,1,3101295,1.1024305555555556,3.0,3.0,master
825,826,0,3,3,0,26.5,0,0,368323,6.95,2.0,2.0,mr
826,827,0,3,3,0,26.5,0,0,1601,56.4958,3.0,3.0,mr
827,828,1,2,6,0,1.0,0,2,S.C./PARIS 2079,4.111577777777778,1.0,1.0,master
828,829,1,3,3,0,26.5,0,0,367228,7.75,2.0,2.0,mr
829,830,1,1,2,1,62.0,0,0,113572,80.0,B28,3.0,mrs
830,831,1,3,2,1,15.0,1,0,2659,3.61355,1.0,1.0,mrs
831,832,1,2,6,0,0.83,1,1,29106,2.0833333333333335,3.0,3.0,master
832,833,0,3,3,0,26.5,0,0,2671,7.2292,1.0,1.0,mr
833,834,0,3,3,0,23.0,0,0,347468,7.8542,3.0,3.0,mr
834,835,0,3,3,0,18.0,0,0,2223,8.3,3.0,3.0,mr
835,836,1,1,1,1,39.0,1,1,PC 17756,9.239811111111111,E49,1.0,miss
836,837,0,3,3,0,21.0,0,0,315097,8.6625,3.0,3.0,mr
837,838,0,3,3,0,26.5,0,0,392092,8.05,3.0,3.0,mr
838,839,1,3,3,0,32.0,0,0,1601,56.4958,3.0,3.0,mr
839,840,1,1,3,0,41.3,0,0,11774,29.7,C47,1.0,mr
840,841,0,3,3,0,20.0,0,0,SOTON/O2 3101287,7.925,3.0,3.0,mr
841,842,0,2,3,0,16.0,0,0,S.O./P.P. 3,10.5,3.0,3.0,mr
842,843,1,1,1,1,30.0,0,0,113798,31.0,1.0,1.0,miss
843,844,0,3,3,0,34.5,0,0,2683,6.4375,1.0,1.0,mr
844,845,0,3,3,0,17.0,0,0,315090,8.6625,3.0,3.0,mr
845,846,0,3,3,0,42.0,0,0,C.A. 5547,7.55,3.0,3.0,mr
846,847,0,3,3,0,26.5,8,2,CA. 2343,0.574793388429752,3.0,3.0,mr
847,848,0,3,3,0,35.0,0,0,349213,7.8958,1.0,1.0,mr
848,849,0,2,8,0,28.0,0,1,248727,8.25,3.0,3.0,rev
849,850,1,1,2,1,34.6,1,0,17453,22.27605,C92,1.0,mrs
850,851,0,3,6,0,4.0,4,2,347082,0.6382653061224489,3.0,3.0,master
851,852,0,3,3,0,74.0,0,0,347060,7.775,3.0,3.0,mr
852,853,0,3,1,1,9.0,1,1,2678,1.6939777777777776,1.0,1.0,miss
853,854,1,1,1,1,16.0,0,1,PC 17592,9.85,D28,3.0,miss
854,855,0,2,2,1,44.0,1,0,244252,6.5,3.0,3.0,mrs
855,856,1,3,2,1,18.0,0,1,392091,2.3375,3.0,3.0,mrs
856,857,1,1,2,1,45.0,1,1,36928,18.318522222222224,3.0,3.0,mrs
857,858,1,1,3,0,51.0,0,0,113055,26.55,E17,3.0,mr
858,859,1,3,2,1,24.0,0,3,2666,1.20364375,1.0,1.0,mrs
859,860,0,3,3,0,26.5,0,0,2629,7.2292,1.0,1.0,mr
860,861,0,3,3,0,41.0,2,0,350026,1.5675888888888887,3.0,3.0,mr
861,862,0,2,3,0,21.0,1,0,28134,2.875,3.0,3.0,mr
862,863,1,1,2,1,48.0,0,0,17466,25.9292,D17,3.0,mrs
863,864,0,3,1,1,21.8,8,2,CA. 2343,0.574793388429752,3.0,3.0,miss
864,865,0,2,3,0,24.0,0,0,233866,13.0,3.0,3.0,mr
865,866,1,2,2,1,42.0,0,0,236852,13.0,3.0,3.0,mrs
866,867,1,2,1,1,27.0,1,0,SC/PARIS 2149,3.464575,1.0,1.0,miss
867,868,0,1,3,0,31.0,0,0,PC 17590,50.4958,A24,3.0,mr
868,869,0,3,3,0,26.5,0,0,345777,9.5,3.0,3.0,mr
869,870,1,3,6,0,4.0,1,1,347742,1.2370333333333334,3.0,3.0,master
870,871,0,3,3,0,26.0,0,0,349248,7.8958,3.0,3.0,mr
871,872,1,1,2,1,47.0,1,1,11751,5.839355555555556,D35,3.0,mrs
872,873,0,1,3,0,33.0,0,0,695,5.0,B51 B53 B55,3.0,mr
873,874,0,3,3,0,47.0,0,0,345765,9.0,3.0,3.0,mr
874,875,1,2,2,1,28.0,1,0,P/PP 3381,6.0,1.0,1.0,mrs
875,876,1,3,1,1,15.0,0,0,2667,7.225,1.0,1.0,miss
876,877,0,3,3,0,20.0,0,0,7534,9.8458,3.0,3.0,mr
877,878,0,3,3,0,19.0,0,0,349212,7.8958,3.0,3.0,mr
878,879,0,3,3,0,26.5,0,0,349217,7.8958,3.0,3.0,mr
879,880,1,1,2,1,56.0,0,1,11767,20.789575,C50,1.0,mrs
880,881,1,2,2,1,25.0,0,1,230433,6.5,3.0,3.0,mrs
881,882,0,3,3,0,33.0,0,0,349257,7.8958,3.0,3.0,mr
882,883,0,3,1,1,22.0,0,0,7552,10.5167,3.0,3.0,miss
883,884,0,2,3,0,28.0,0,0,C.A./SOTON 34068,10.5,3.0,3.0,mr
884,885,0,3,3,0,25.0,0,0,SOTON/OQ 392076,7.05,3.0,3.0,mr
885,886,0,3,2,1,39.0,0,5,382652,0.8090277777777778,2.0,2.0,mrs
886,887,0,2,8,0,27.0,0,0,211536,13.0,3.0,3.0,rev
887,888,1,1,1,1,19.0,0,0,112053,30.0,B42,3.0,miss
888,889,0,3,1,1,21.8,1,2,W./C. 6607,1.465625,3.0,3.0,miss
889,890,1,1,3,0,26.0,0,0,111369,30.0,C148,1.0,mr
890,891,0,3,3,0,32.0,0,0,370376,7.75,2.0,2.0,mr
