,PassengerId,Survived,Pclass,Name,Sex,Age,SibSp,Parch,Ticket,Fare,Cabin,Embarked,sex_int,title,title_num,emb_num,norm_price,Age_new
0,1,0,3,3,0,22.0,1,0,A/5 21171,3.625,S,3.0,0,mr,3,3.0,3.625,22.0
1,2,1,1,2,1,38.0,1,0,PC 17599,35.64165,C85,1.0,1,mrs,2,1.0,35.64165,38.0
2,3,1,3,1,1,26.0,0,0,STON/O2. 3101282,7.925,S,3.0,1,miss,1,3.0,7.925,26.0
3,4,1,1,2,1,35.0,1,0,113803,26.55,C123,3.0,1,mrs,2,3.0,26.55,35.0
4,5,0,3,3,0,35.0,0,0,373450,8.05,S,3.0,0,mr,3,3.0,8.05,35.0
5,6,0,3,3,0,26.5,0,0,330877,8.4583,Q,2.0,0,mr,3,2.0,8.4583,26.5
6,7,0,1,3,0,54.0,0,0,17463,51.8625,E46,3.0,0,mr,3,3.0,51.8625,54.0
7,8,0,3,6,0,2.0,3,1,349909,4.215,S,3.0,0,master,6,3.0,4.215,2.0
8,9,1,3,2,1,27.0,0,2,347742,3.7111,S,3.0,1,mrs,2,3.0,3.7111,27.0
9,10,1,2,2,1,14.0,1,0,237736,15.0354,C,1.0,1,mrs,2,1.0,15.0354,14.0
10,11,1,3,1,1,4.0,1,1,PP 9549,5.566666666666666,G6,3.0,1,miss,1,3.0,5.566666666666666,4.0
11,12,1,1,1,1,58.0,0,0,113783,26.55,C103,3.0,1,miss,1,3.0,26.55,58.0
12,13,0,3,3,0,20.0,0,0,A/5. 2151,8.05,S,3.0,0,mr,3,3.0,8.05,20.0
13,14,0,3,3,0,39.0,1,5,347082,4.4678571428571425,S,3.0,0,mr,3,3.0,4.4678571428571425,39.0
14,15,0,3,1,1,14.0,0,0,350406,7.8542,S,3.0,1,miss,1,3.0,7.8542,14.0
15,16,1,2,2,1,55.0,0,0,248706,16.0,S,3.0,1,mrs,2,3.0,16.0,55.0
16,17,0,3,6,0,2.0,4,1,382652,4.854166666666667,Q,2.0,0,master,6,2.0,4.854166666666667,2.0
17,18,1,2,3,0,30.7,0,0,244373,13.0,S,3.0,0,mr,3,3.0,13.0,30.7
18,19,0,3,2,1,31.0,1,0,345763,9.0,S,3.0,1,mrs,2,3.0,9.0,31.0
19,20,1,3,2,1,21.8,0,0,2649,7.225,C,1.0,1,mrs,2,1.0,7.225,21.8
20,21,0,2,3,0,35.0,0,0,239865,26.0,S,3.0,0,mr,3,3.0,26.0,35.0
21,22,1,2,3,0,34.0,0,0,248698,13.0,D56,3.0,0,mr,3,3.0,13.0,34.0
22,23,1,3,1,1,15.0,0,0,330923,8.0292,Q,2.0,1,miss,1,2.0,8.0292,15.0
23,24,1,1,3,0,28.0,0,0,113788,35.5,A6,3.0,0,mr,3,3.0,35.5,28.0
24,25,0,3,1,1,8.0,3,1,349909,4.215,S,3.0,1,miss,1,3.0,4.215,8.0
25,26,1,3,2,1,38.0,1,5,347077,4.483928571428572,S,3.0,1,mrs,2,3.0,4.483928571428572,38.0
26,27,0,3,3,0,26.5,0,0,2631,7.225,C,1.0,0,mr,3,1.0,7.225,26.5
27,28,0,1,3,0,19.0,3,2,19950,43.833333333333336,C23 C25 C27,3.0,0,mr,3,3.0,43.833333333333336,19.0
28,29,1,3,1,1,21.8,0,0,330959,7.8792,Q,2.0,1,miss,1,2.0,7.8792,21.8
29,30,0,3,3,0,26.5,0,0,349216,7.8958,S,3.0,0,mr,3,3.0,7.8958,26.5
30,31,0,1,5,0,40.0,0,0,PC 17601,27.7208,C,1.0,0,don,5,1.0,27.7208,40.0
31,32,1,1,2,1,34.6,1,0,PC 17569,73.2604,B78,1.0,1,mrs,2,1.0,73.2604,34.6
32,33,1,3,1,1,21.8,0,0,335677,7.75,Q,2.0,1,miss,1,2.0,7.75,21.8
33,34,0,2,3,0,66.0,0,0,C.A. 24579,10.5,S,3.0,0,mr,3,3.0,10.5,66.0
34,35,0,1,3,0,28.0,1,0,PC 17604,41.0854,C,1.0,0,mr,3,1.0,41.0854,28.0
35,36,0,1,3,0,42.0,1,0,113789,26.0,S,3.0,0,mr,3,3.0,26.0,42.0
36,37,1,3,3,0,26.5,0,0,2677,7.2292,C,1.0,0,mr,3,1.0,7.2292,26.5
37,38,0,3,3,0,21.0,0,0,A./5. 2152,8.05,S,3.0,0,mr,3,3.0,8.05,21.0
38,39,0,3,1,1,18.0,2,0,345764,6.0,S,3.0,1,miss,1,3.0,6.0,18.0
39,40,1,3,1,1,14.0,1,0,2651,5.62085,C,1.0,1,miss,1,1.0,5.62085,14.0
40,41,0,3,2,1,40.0,1,0,7546,4.7375,S,3.0,1,mrs,2,3.0,4.7375,40.0
41,42,0,2,2,1,27.0,1,0,11668,10.5,S,3.0,1,mrs,2,3.0,10.5,27.0
42,43,0,3,3,0,26.5,0,0,349253,7.8958,C,1.0,0,mr,3,1.0,7.8958,26.5
43,44,1,2,1,1,3.0,1,2,SC/Paris 2123,10.3948,C,1.0,1,miss,1,1.0,10.3948,3.0
44,45,1,3,1,1,19.0,0,0,330958,7.8792,Q,2.0,1,miss,1,2.0,7.8792,19.0
45,46,0,3,3,0,26.5,0,0,S.C./A.4. 23567,8.05,S,3.0,0,mr,3,3.0,8.05,26.5
46,47,0,3,3,0,26.5,1,0,370371,7.75,Q,2.0,0,mr,3,2.0,7.75,26.5
47,48,1,3,1,1,21.8,0,0,14311,7.75,Q,2.0,1,miss,1,2.0,7.75,21.8
48,49,0,3,3,0,26.5,2,0,2662,7.226400000000001,C,1.0,0,mr,3,1.0,7.226400000000001,26.5
49,50,0,3,2,1,18.0,1,0,349237,8.9,S,3.0,1,mrs,2,3.0,8.9,18.0
50,51,0,3,6,0,7.0,4,1,3101295,6.614583333333333,S,3.0,0,master,6,3.0,6.614583333333333,7.0
51,52,0,3,3,0,21.0,0,0,A/4. 39886,7.8,S,3.0,0,mr,3,3.0,7.8,21.0
52,53,1,1,2,1,49.0,1,0,PC 17572,38.3646,D33,1.0,1,mrs,2,1.0,38.3646,49.0
53,54,1,2,2,1,29.0,1,0,2926,13.0,S,3.0,1,mrs,2,3.0,13.0,29.0
54,55,0,1,3,0,65.0,0,1,113509,30.9896,B30,1.0,0,mr,3,1.0,30.9896,65.0
55,56,1,1,3,0,41.3,0,0,19947,35.5,C52,3.0,0,mr,3,3.0,35.5,41.3
56,57,1,2,1,1,21.0,0,0,C.A. 31026,10.5,S,3.0,1,miss,1,3.0,10.5,21.0
57,58,0,3,3,0,28.5,0,0,2697,7.2292,C,1.0,0,mr,3,1.0,7.2292,28.5
58,59,1,2,1,1,5.0,1,2,C.A. 34651,6.9375,S,3.0,1,miss,1,3.0,6.9375,5.0
59,60,0,3,6,0,11.0,5,2,CA 2144,5.8625,S,3.0,0,master,6,3.0,5.8625,11.0
60,61,0,3,3,0,22.0,0,0,2669,7.2292,C,1.0,0,mr,3,1.0,7.2292,22.0
61,62,1,1,1,1,38.0,0,0,113572,80.0,B28,,1,miss,1,,80.0,38.0
62,63,0,1,3,0,45.0,1,0,36973,41.7375,C83,3.0,0,mr,3,3.0,41.7375,45.0
63,64,0,3,6,0,4.0,3,2,347088,4.6499999999999995,S,3.0,0,master,6,3.0,4.6499999999999995,4.0
64,65,0,1,3,0,41.3,0,0,PC 17605,27.7208,C,1.0,0,mr,3,1.0,27.7208,41.3
65,66,1,3,6,0,26.5,1,1,2661,5.081933333333333,C,1.0,0,master,6,1.0,5.081933333333333,26.5
66,67,1,2,2,1,29.0,0,0,C.A. 29395,10.5,F33,3.0,1,mrs,2,3.0,10.5,29.0
67,68,0,3,3,0,19.0,0,0,S.P. 3464,8.1583,S,3.0,0,mr,3,3.0,8.1583,19.0
68,69,1,3,1,1,17.0,4,2,3101281,1.1321428571428571,S,3.0,1,miss,1,3.0,1.1321428571428571,17.0
69,70,0,3,3,0,26.0,2,0,315151,2.8874999999999997,S,3.0,0,mr,3,3.0,2.8874999999999997,26.0
70,71,0,2,3,0,32.0,0,0,C.A. 33111,10.5,S,3.0,0,mr,3,3.0,10.5,32.0
71,72,0,3,1,1,16.0,5,2,CA 2144,5.8625,S,3.0,1,miss,1,3.0,5.8625,16.0
72,73,0,2,3,0,21.0,0,0,S.O.C. 14879,73.5,S,3.0,0,mr,3,3.0,73.5,21.0
73,74,0,3,3,0,26.0,1,0,2680,7.2271,C,1.0,0,mr,3,1.0,7.2271,26.0
74,75,1,3,3,0,32.0,0,0,1601,56.4958,S,3.0,0,mr,3,3.0,56.4958,32.0
75,76,0,3,3,0,25.0,0,0,348123,7.65,F G73,3.0,0,mr,3,3.0,7.65,25.0
76,77,0,3,3,0,26.5,0,0,349208,7.8958,S,3.0,0,mr,3,3.0,7.8958,26.5
77,78,0,3,3,0,26.5,0,0,374746,8.05,S,3.0,0,mr,3,3.0,8.05,26.5
78,79,1,2,6,0,0.83,0,2,248738,9.666666666666666,S,3.0,0,master,6,3.0,9.666666666666666,0.83
79,80,1,3,1,1,30.0,0,0,364516,12.475,S,3.0,1,miss,1,3.0,12.475,30.0
80,81,0,3,3,0,22.0,0,0,345767,9.0,S,3.0,0,mr,3,3.0,9.0,22.0
81,82,1,3,3,0,29.0,0,0,345779,9.5,S,3.0,0,mr,3,3.0,9.5,29.0
82,83,1,3,1,1,21.8,0,0,330932,7.7875,Q,2.0,1,miss,1,2.0,7.7875,21.8
83,84,0,1,3,0,28.0,0,0,113059,47.1,S,3.0,0,mr,3,3.0,47.1,28.0
84,85,1,2,1,1,17.0,0,0,SO/C 14885,10.5,S,3.0,1,miss,1,3.0,10.5,17.0
85,86,1,3,2,1,33.0,3,0,3101278,3.9625,S,3.0,1,mrs,2,3.0,3.9625,33.0
86,87,0,3,3,0,16.0,1,3,W./C. 6608,6.875,S,3.0,0,mr,3,3.0,6.875,16.0
87,88,0,3,3,0,26.5,0,0,SOTON/OQ 392086,8.05,S,3.0,0,mr,3,3.0,8.05,26.5
88,89,1,1,1,1,23.0,3,2,19950,43.833333333333336,C23 C25 C27,3.0,1,miss,1,3.0,43.833333333333336,23.0
89,90,0,3,3,0,24.0,0,0,343275,8.05,S,3.0,0,mr,3,3.0,8.05,24.0
90,91,0,3,3,0,29.0,0,0,343276,8.05,S,3.0,0,mr,3,3.0,8.05,29.0
91,92,0,3,3,0,20.0,0,0,347466,7.8542,S,3.0,0,mr,3,3.0,7.8542,20.0
92,93,0,1,3,0,46.0,1,0,W.E.P. 5734,30.5875,E31,3.0,0,mr,3,3.0,30.5875,46.0
93,94,0,3,3,0,26.0,1,2,C.A. 2315,5.14375,S,3.0,0,mr,3,3.0,5.14375,26.0
94,95,0,3,3,0,59.0,0,0,364500,7.25,S,3.0,0,mr,3,3.0,7.25,59.0
95,96,0,3,3,0,26.5,0,0,374910,8.05,S,3.0,0,mr,3,3.0,8.05,26.5
96,97,0,1,3,0,71.0,0,0,PC 17754,34.6542,A5,1.0,0,mr,3,1.0,34.6542,71.0
97,98,1,1,3,0,23.0,0,1,PC 17759,31.67915,D10 D12,1.0,0,mr,3,1.0,31.67915,23.0
98,99,1,2,2,1,34.0,0,1,231919,11.5,S,3.0,1,mrs,2,3.0,11.5,34.0
99,100,0,2,3,0,34.0,1,0,244367,13.0,S,3.0,0,mr,3,3.0,13.0,34.0
100,101,0,3,1,1,28.0,0,0,349245,7.8958,S,3.0,1,miss,1,3.0,7.8958,28.0
101,102,0,3,3,0,26.5,0,0,349215,7.8958,S,3.0,0,mr,3,3.0,7.8958,26.5
102,103,0,1,3,0,21.0,0,1,35281,38.64375,D26,3.0,0,mr,3,3.0,38.64375,21.0
103,104,0,3,3,0,33.0,0,0,7540,8.6542,S,3.0,0,mr,3,3.0,8.6542,33.0
104,105,0,3,3,0,37.0,2,0,3101276,2.6416666666666666,S,3.0,0,mr,3,3.0,2.6416666666666666,37.0
105,106,0,3,3,0,28.0,0,0,349207,7.8958,S,3.0,0,mr,3,3.0,7.8958,28.0
106,107,1,3,1,1,21.0,0,0,343120,7.65,S,3.0,1,miss,1,3.0,7.65,21.0
107,108,1,3,3,0,26.5,0,0,312991,7.775,S,3.0,0,mr,3,3.0,7.775,26.5
108,109,0,3,3,0,38.0,0,0,349249,7.8958,S,3.0,0,mr,3,3.0,7.8958,38.0
109,110,1,3,1,1,21.8,1,0,371110,12.075,Q,2.0,1,miss,1,2.0,12.075,21.8
110,111,0,1,3,0,47.0,0,0,110465,52.0,C110,3.0,0,mr,3,3.0,52.0,47.0
111,112,0,3,1,1,14.5,1,0,2665,7.2271,C,1.0,1,miss,1,1.0,7.2271,14.5
112,113,0,3,3,0,22.0,0,0,324669,8.05,S,3.0,0,mr,3,3.0,8.05,22.0
113,114,0,3,1,1,20.0,1,0,4136,4.9125,S,3.0,1,miss,1,3.0,4.9125,20.0
114,115,0,3,1,1,17.0,0,0,2627,14.4583,C,1.0,1,miss,1,1.0,14.4583,17.0
115,116,0,3,3,0,21.0,0,0,STON/O 2. 3101294,7.925,S,3.0,0,mr,3,3.0,7.925,21.0
116,117,0,3,3,0,70.5,0,0,370369,7.75,Q,2.0,0,mr,3,2.0,7.75,70.5
117,118,0,2,3,0,29.0,1,0,11668,10.5,S,3.0,0,mr,3,3.0,10.5,29.0
118,119,0,1,3,0,24.0,0,1,PC 17558,123.7604,B58 B60,1.0,0,mr,3,1.0,123.7604,24.0
119,120,0,3,1,1,2.0,4,2,347082,4.4678571428571425,S,3.0,1,miss,1,3.0,4.4678571428571425,2.0
120,121,0,2,3,0,21.0,2,0,S.O.C. 14879,24.5,S,3.0,0,mr,3,3.0,24.5,21.0
121,122,0,3,3,0,26.5,0,0,A4. 54510,8.05,S,3.0,0,mr,3,3.0,8.05,26.5
122,123,0,2,3,0,32.5,1,0,237736,15.0354,C,1.0,0,mr,3,1.0,15.0354,32.5
123,124,1,2,1,1,32.5,0,0,27267,13.0,E101,3.0,1,miss,1,3.0,13.0,32.5
124,125,0,1,3,0,54.0,0,1,35281,38.64375,D26,3.0,0,mr,3,3.0,38.64375,54.0
125,126,1,3,6,0,12.0,1,0,2651,5.62085,C,1.0,0,master,6,1.0,5.62085,12.0
126,127,0,3,3,0,26.5,0,0,370372,7.75,Q,2.0,0,mr,3,2.0,7.75,26.5
127,128,1,3,3,0,24.0,0,0,C 17369,7.1417,S,3.0,0,mr,3,3.0,7.1417,24.0
128,129,1,3,1,1,21.8,1,1,2668,7.452766666666666,F E69,1.0,1,miss,1,1.0,7.452766666666666,21.8
129,130,0,3,3,0,45.0,0,0,347061,6.975,S,3.0,0,mr,3,3.0,6.975,45.0
130,131,0,3,3,0,33.0,0,0,349241,7.8958,C,1.0,0,mr,3,1.0,7.8958,33.0
131,132,0,3,3,0,20.0,0,0,SOTON/O.Q. 3101307,7.05,S,3.0,0,mr,3,3.0,7.05,20.0
132,133,0,3,2,1,47.0,1,0,A/5. 3337,7.25,S,3.0,1,mrs,2,3.0,7.25,47.0
133,134,1,2,2,1,29.0,1,0,228414,13.0,S,3.0,1,mrs,2,3.0,13.0,29.0
134,135,0,2,3,0,25.0,0,0,C.A. 29178,13.0,S,3.0,0,mr,3,3.0,13.0,25.0
135,136,0,2,3,0,23.0,0,0,SC/PARIS 2133,15.0458,C,1.0,0,mr,3,1.0,15.0458,23.0
136,137,1,1,1,1,19.0,0,2,11752,8.7611,D47,3.0,1,miss,1,3.0,8.7611,19.0
137,138,0,1,3,0,37.0,1,0,113803,26.55,C123,3.0,0,mr,3,3.0,26.55,37.0
138,139,0,3,3,0,16.0,0,0,7534,9.2167,S,3.0,0,mr,3,3.0,9.2167,16.0
139,140,0,1,3,0,24.0,0,0,PC 17593,79.2,B86,1.0,0,mr,3,1.0,79.2,24.0
140,141,0,3,2,1,21.8,0,2,2678,5.081933333333333,C,1.0,1,mrs,2,1.0,5.081933333333333,21.8
141,142,1,3,1,1,22.0,0,0,347081,7.75,S,3.0,1,miss,1,3.0,7.75,22.0
142,143,1,3,2,1,24.0,1,0,STON/O2. 3101279,7.925,S,3.0,1,mrs,2,3.0,7.925,24.0
143,144,0,3,3,0,19.0,0,0,365222,6.75,Q,2.0,0,mr,3,2.0,6.75,19.0
144,145,0,2,3,0,18.0,0,0,231945,11.5,S,3.0,0,mr,3,3.0,11.5,18.0
145,146,0,2,3,0,19.0,1,1,C.A. 33112,12.25,S,3.0,0,mr,3,3.0,12.25,19.0
146,147,1,3,3,0,27.0,0,0,350043,7.7958,S,3.0,0,mr,3,3.0,7.7958,27.0
147,148,0,3,1,1,9.0,2,2,W./C. 6608,6.875,S,3.0,1,miss,1,3.0,6.875,9.0
148,149,0,2,3,0,36.5,0,2,230080,8.666666666666666,F2,3.0,0,mr,3,3.0,8.666666666666666,36.5
149,150,0,2,8,0,42.0,0,0,244310,13.0,S,3.0,0,rev,8,3.0,13.0,42.0
150,151,0,2,8,0,51.0,0,0,S.O.P. 1166,12.525,S,3.0,0,rev,8,3.0,12.525,51.0
151,152,1,1,2,1,22.0,1,0,113776,33.3,C2,3.0,1,mrs,2,3.0,33.3,22.0
152,153,0,3,3,0,55.5,0,0,A.5. 11206,8.05,S,3.0,0,mr,3,3.0,8.05,55.5
153,154,0,3,3,0,40.5,0,2,A/5. 851,4.833333333333333,S,3.0,0,mr,3,3.0,4.833333333333333,40.5
154,155,0,3,3,0,26.5,0,0,Fa 265302,7.3125,S,3.0,0,mr,3,3.0,7.3125,26.5
155,156,0,1,3,0,51.0,0,1,PC 17597,30.6896,C,1.0,0,mr,3,1.0,30.6896,51.0
156,157,1,3,1,1,16.0,0,0,35851,7.7333,Q,2.0,1,miss,1,2.0,7.7333,16.0
157,158,0,3,3,0,30.0,0,0,SOTON/OQ 392090,8.05,S,3.0,0,mr,3,3.0,8.05,30.0
158,159,0,3,3,0,26.5,0,0,315037,8.6625,S,3.0,0,mr,3,3.0,8.6625,26.5
159,160,0,3,6,0,26.5,8,2,CA. 2343,6.322727272727272,S,3.0,0,master,6,3.0,6.322727272727272,26.5
160,161,0,3,3,0,44.0,0,1,371362,8.05,S,3.0,0,mr,3,3.0,8.05,44.0
161,162,1,2,2,1,40.0,0,0,C.A. 33595,15.75,S,3.0,1,mrs,2,3.0,15.75,40.0
162,163,0,3,3,0,26.0,0,0,347068,7.775,S,3.0,0,mr,3,3.0,7.775,26.0
163,164,0,3,3,0,17.0,0,0,315093,8.6625,S,3.0,0,mr,3,3.0,8.6625,17.0
164,165,0,3,6,0,1.0,4,1,3101295,6.614583333333333,S,3.0,0,master,6,3.0,6.614583333333333,1.0
165,166,1,3,6,0,9.0,0,2,363291,6.841666666666666,S,3.0,0,master,6,3.0,6.841666666666666,9.0
166,167,1,1,2,1,34.6,0,1,113505,27.5,E33,3.0,1,mrs,2,3.0,27.5,34.6
167,168,0,3,2,1,45.0,1,4,347088,4.6499999999999995,S,3.0,1,mrs,2,3.0,4.6499999999999995,45.0
168,169,0,1,3,0,41.3,0,0,PC 17318,25.925,S,3.0,0,mr,3,3.0,25.925,41.3
169,170,0,3,3,0,28.0,0,0,1601,56.4958,S,3.0,0,mr,3,3.0,56.4958,28.0
170,171,0,1,3,0,61.0,0,0,111240,33.5,B19,3.0,0,mr,3,3.0,33.5,61.0
171,172,0,3,6,0,4.0,4,1,382652,4.854166666666667,Q,2.0,0,master,6,2.0,4.854166666666667,4.0
172,173,1,3,1,1,1.0,1,1,347742,3.7111,S,3.0,1,miss,1,3.0,3.7111,1.0
173,174,0,3,3,0,21.0,0,0,STON/O 2. 3101280,7.925,S,3.0,0,mr,3,3.0,7.925,21.0
174,175,0,1,3,0,56.0,0,0,17764,30.6958,A7,1.0,0,mr,3,1.0,30.6958,56.0
175,176,0,3,3,0,18.0,1,1,350404,2.6180666666666665,S,3.0,0,mr,3,3.0,2.6180666666666665,18.0
176,177,0,3,6,0,26.5,3,1,4133,5.0933399999999995,S,3.0,0,master,6,3.0,5.0933399999999995,26.5
177,178,0,1,1,1,50.0,0,0,PC 17595,28.7125,C49,1.0,1,miss,1,1.0,28.7125,50.0
178,179,0,2,3,0,30.0,0,0,250653,13.0,S,3.0,0,mr,3,3.0,13.0,30.0
179,180,0,3,3,0,36.0,0,0,LINE,0.0,S,3.0,0,mr,3,3.0,0.0,36.0
180,181,0,3,1,1,21.8,8,2,CA. 2343,6.322727272727272,S,3.0,1,miss,1,3.0,6.322727272727272,21.8
181,182,0,2,3,0,30.7,0,0,SC/PARIS 2131,15.05,C,1.0,0,mr,3,1.0,15.05,30.7
182,183,0,3,6,0,9.0,4,2,347077,4.483928571428572,S,3.0,0,master,6,3.0,4.483928571428572,9.0
183,184,1,2,6,0,1.0,2,1,230136,9.75,F4,3.0,0,master,6,3.0,9.75,1.0
184,185,1,3,1,1,4.0,0,2,315153,7.341666666666666,S,3.0,1,miss,1,3.0,7.341666666666666,4.0
185,186,0,1,3,0,41.3,0,0,113767,50.0,A32,3.0,0,mr,3,3.0,50.0,41.3
186,187,1,3,2,1,21.8,1,0,370365,7.75,Q,2.0,1,mrs,2,2.0,7.75,21.8
187,188,1,1,3,0,45.0,0,0,111428,26.55,S,3.0,0,mr,3,3.0,26.55,45.0
188,189,0,3,3,0,40.0,1,1,364849,5.166666666666667,Q,2.0,0,mr,3,2.0,5.166666666666667,40.0
189,190,0,3,3,0,36.0,0,0,349247,7.8958,S,3.0,0,mr,3,3.0,7.8958,36.0
190,191,1,2,2,1,32.0,0,0,234604,13.0,S,3.0,1,mrs,2,3.0,13.0,32.0
191,192,0,2,3,0,19.0,0,0,28424,13.0,S,3.0,0,mr,3,3.0,13.0,19.0
192,193,1,3,1,1,19.0,1,0,350046,3.9271,S,3.0,1,miss,1,3.0,3.9271,19.0
193,194,1,2,6,0,3.0,1,1,230080,8.666666666666666,F2,3.0,0,master,6,3.0,8.666666666666666,3.0
194,195,1,1,2,1,44.0,0,0,PC 17610,27.7208,B4,1.0,1,mrs,2,1.0,27.7208,44.0
195,196,1,1,1,1,58.0,0,0,PC 17569,146.5208,B80,1.0,1,miss,1,1.0,146.5208,58.0
196,197,0,3,3,0,26.5,0,0,368703,7.75,Q,2.0,0,mr,3,2.0,7.75,26.5
197,198,0,3,3,0,42.0,0,1,4579,4.2021,S,3.0,0,mr,3,3.0,4.2021,42.0
198,199,1,3,1,1,21.8,0,0,370370,7.75,Q,2.0,1,miss,1,2.0,7.75,21.8
199,200,0,2,1,1,24.0,0,0,248747,13.0,S,3.0,1,miss,1,3.0,13.0,24.0
200,201,0,3,3,0,28.0,0,0,345770,9.5,S,3.0,0,mr,3,3.0,9.5,28.0
201,202,0,3,3,0,26.5,8,2,CA. 2343,6.322727272727272,S,3.0,0,mr,3,3.0,6.322727272727272,26.5
202,203,0,3,3,0,34.0,0,0,3101264,6.4958,S,3.0,0,mr,3,3.0,6.4958,34.0
203,204,0,3,3,0,45.5,0,0,2628,7.225,C,1.0,0,mr,3,1.0,7.225,45.5
204,205,1,3,3,0,18.0,0,0,A/5 3540,8.05,S,3.0,0,mr,3,3.0,8.05,18.0
205,206,0,3,1,1,2.0,0,1,347054,5.23125,G6,3.0,1,miss,1,3.0,5.23125,2.0
206,207,0,3,3,0,32.0,1,0,3101278,7.925,S,3.0,0,mr,3,3.0,7.925,32.0
207,208,1,3,3,0,26.0,0,0,2699,18.7875,C,1.0,0,mr,3,1.0,18.7875,26.0
208,209,1,3,1,1,16.0,0,0,367231,7.75,Q,2.0,1,miss,1,2.0,7.75,16.0
209,210,1,1,3,0,40.0,0,0,112277,31.0,A31,1.0,0,mr,3,1.0,31.0,40.0
210,211,0,3,3,0,24.0,0,0,SOTON/O.Q. 3101311,7.05,S,3.0,0,mr,3,3.0,7.05,24.0
211,212,1,2,1,1,35.0,0,0,F.C.C. 13528,21.0,S,3.0,1,miss,1,3.0,21.0,35.0
212,213,0,3,3,0,22.0,0,0,A/5 21174,7.25,S,3.0,0,mr,3,3.0,7.25,22.0
213,214,0,2,3,0,30.0,0,0,250646,13.0,S,3.0,0,mr,3,3.0,13.0,30.0
214,215,0,3,3,0,26.5,1,0,367229,3.875,Q,2.0,0,mr,3,2.0,3.875,26.5
215,216,1,1,1,1,31.0,1,0,35273,56.6375,D36,1.0,1,miss,1,1.0,56.6375,31.0
216,217,1,3,1,1,27.0,0,0,STON/O2. 3101283,7.925,S,3.0,1,miss,1,3.0,7.925,27.0
217,218,0,2,3,0,42.0,1,0,243847,13.5,S,3.0,0,mr,3,3.0,13.5,42.0
218,219,1,1,1,1,32.0,0,0,11813,76.2917,D15,1.0,1,miss,1,1.0,76.2917,32.0
219,220,0,2,3,0,30.0,0,0,W/C 14208,10.5,S,3.0,0,mr,3,3.0,10.5,30.0
220,221,1,3,3,0,16.0,0,0,SOTON/OQ 392089,8.05,S,3.0,0,mr,3,3.0,8.05,16.0
221,222,0,2,3,0,27.0,0,0,220367,13.0,S,3.0,0,mr,3,3.0,13.0,27.0
222,223,0,3,3,0,51.0,0,0,21440,8.05,S,3.0,0,mr,3,3.0,8.05,51.0
223,224,0,3,3,0,26.5,0,0,349234,7.8958,S,3.0,0,mr,3,3.0,7.8958,26.5
224,225,1,1,3,0,38.0,1,0,19943,45.0,C93,3.0,0,mr,3,3.0,45.0,38.0
225,226,0,3,3,0,22.0,0,0,PP 4348,9.35,S,3.0,0,mr,3,3.0,9.35,22.0
226,227,1,2,3,0,19.0,0,0,SW/PP 751,10.5,S,3.0,0,mr,3,3.0,10.5,19.0
227,228,0,3,3,0,20.5,0,0,A/5 21173,7.25,S,3.0,0,mr,3,3.0,7.25,20.5
228,229,0,2,3,0,18.0,0,0,236171,13.0,S,3.0,0,mr,3,3.0,13.0,18.0
229,230,0,3,1,1,21.8,3,1,4133,5.0933399999999995,S,3.0,1,miss,1,3.0,5.0933399999999995,21.8
230,231,1,1,2,1,35.0,1,0,36973,41.7375,C83,3.0,1,mrs,2,3.0,41.7375,35.0
231,232,0,3,3,0,29.0,0,0,347067,7.775,S,3.0,0,mr,3,3.0,7.775,29.0
232,233,0,2,3,0,59.0,0,0,237442,13.5,S,3.0,0,mr,3,3.0,13.5,59.0
233,234,1,3,1,1,5.0,4,2,347077,4.483928571428572,S,3.0,1,miss,1,3.0,4.483928571428572,5.0
234,235,0,2,3,0,24.0,0,0,C.A. 29566,10.5,S,3.0,0,mr,3,3.0,10.5,24.0
235,236,0,3,1,1,21.8,0,0,W./C. 6609,7.55,S,3.0,1,miss,1,3.0,7.55,21.8
236,237,0,2,3,0,44.0,1,0,26707,13.0,S,3.0,0,mr,3,3.0,13.0,44.0
237,238,1,2,1,1,8.0,0,2,C.A. 31921,8.75,S,3.0,1,miss,1,3.0,8.75,8.0
238,239,0,2,3,0,19.0,0,0,28665,10.5,S,3.0,0,mr,3,3.0,10.5,19.0
239,240,0,2,3,0,33.0,0,0,SCO/W 1585,12.275,S,3.0,0,mr,3,3.0,12.275,33.0
240,241,0,3,1,1,21.8,1,0,2665,7.2271,C,1.0,1,miss,1,1.0,7.2271,21.8
241,242,1,3,1,1,21.8,1,0,367230,7.75,Q,2.0,1,miss,1,2.0,7.75,21.8
242,243,0,2,3,0,29.0,0,0,W./C. 14263,10.5,S,3.0,0,mr,3,3.0,10.5,29.0
243,244,0,3,3,0,22.0,0,0,STON/O 2. 3101275,7.125,S,3.0,0,mr,3,3.0,7.125,22.0
244,245,0,3,3,0,30.0,0,0,2694,7.225,C,1.0,0,mr,3,1.0,7.225,30.0
245,246,0,1,7,0,44.0,2,0,19928,30.0,C78,2.0,0,dr,7,2.0,30.0,44.0
246,247,0,3,1,1,25.0,0,0,347071,7.775,S,3.0,1,miss,1,3.0,7.775,25.0
247,248,1,2,2,1,24.0,0,2,250649,4.833333333333333,S,3.0,1,mrs,2,3.0,4.833333333333333,24.0
248,249,1,1,3,0,37.0,1,1,11751,17.518066666666666,D35,3.0,0,mr,3,3.0,17.518066666666666,37.0
249,250,0,2,8,0,54.0,1,0,244252,13.0,S,3.0,0,rev,8,3.0,13.0,54.0
250,251,0,3,3,0,26.5,0,0,362316,7.25,S,3.0,0,mr,3,3.0,7.25,26.5
251,252,0,3,2,1,29.0,1,1,347054,3.4875000000000003,G6,3.0,1,mrs,2,3.0,3.4875000000000003,29.0
252,253,0,1,3,0,62.0,0,0,113514,26.55,C87,3.0,0,mr,3,3.0,26.55,62.0
253,254,0,3,3,0,30.0,1,0,A/5. 3336,8.05,S,3.0,0,mr,3,3.0,8.05,30.0
254,255,0,3,2,1,41.0,0,2,370129,6.7375,S,3.0,1,mrs,2,3.0,6.7375,41.0
255,256,1,3,2,1,29.0,0,2,2650,5.081933333333333,C,1.0,1,mrs,2,1.0,5.081933333333333,29.0
256,257,1,1,2,1,34.6,0,0,PC 17585,79.2,C,1.0,1,mrs,2,1.0,79.2,34.6
257,258,1,1,1,1,30.0,0,0,110152,86.5,B77,3.0,1,miss,1,3.0,86.5,30.0
258,259,1,1,1,1,35.0,0,0,PC 17755,512.3292,C,1.0,1,miss,1,1.0,512.3292,35.0
259,260,1,2,2,1,50.0,0,1,230433,13.0,S,3.0,1,mrs,2,3.0,13.0,50.0
260,261,0,3,3,0,26.5,0,0,384461,7.75,Q,2.0,0,mr,3,2.0,7.75,26.5
261,262,1,3,6,0,3.0,4,2,347077,4.483928571428572,S,3.0,0,master,6,3.0,4.483928571428572,3.0
262,263,0,1,3,0,52.0,1,1,110413,26.55,E67,3.0,0,mr,3,3.0,26.55,52.0
263,264,0,1,3,0,40.0,0,0,112059,0.0,B94,3.0,0,mr,3,3.0,0.0,40.0
264,265,0,3,1,1,21.8,0,0,382649,7.75,Q,2.0,1,miss,1,2.0,7.75,21.8
265,266,0,2,3,0,36.0,0,0,C.A. 17248,10.5,S,3.0,0,mr,3,3.0,10.5,36.0
266,267,0,3,3,0,16.0,4,1,3101295,6.614583333333333,S,3.0,0,mr,3,3.0,6.614583333333333,16.0
267,268,1,3,3,0,25.0,1,0,347083,3.8875,S,3.0,0,mr,3,3.0,3.8875,25.0
268,269,1,1,2,1,58.0,0,1,PC 17582,76.73125,C125,3.0,1,mrs,2,3.0,76.73125,58.0
269,270,1,1,1,1,35.0,0,0,PC 17760,135.6333,C99,3.0,1,miss,1,3.0,135.6333,35.0
270,271,0,1,3,0,41.3,0,0,113798,31.0,S,3.0,0,mr,3,3.0,31.0,41.3
271,272,1,3,3,0,25.0,0,0,LINE,0.0,S,3.0,0,mr,3,3.0,0.0,25.0
272,273,1,2,2,1,41.0,0,1,250644,9.75,S,3.0,1,mrs,2,3.0,9.75,41.0
273,274,0,1,3,0,37.0,0,1,PC 17596,14.85,C118,1.0,0,mr,3,1.0,14.85,37.0
274,275,1,3,1,1,21.8,0,0,370375,7.75,Q,2.0,1,miss,1,2.0,7.75,21.8
275,276,1,1,1,1,63.0,1,0,13502,38.97915,D7,3.0,1,miss,1,3.0,38.97915,63.0
276,277,0,3,1,1,45.0,0,0,347073,7.75,S,3.0,1,miss,1,3.0,7.75,45.0
277,278,0,2,3,0,30.7,0,0,239853,0.0,S,3.0,0,mr,3,3.0,0.0,30.7
278,279,0,3,6,0,7.0,4,1,382652,4.854166666666667,Q,2.0,0,master,6,2.0,4.854166666666667,7.0
279,280,1,3,2,1,35.0,1,1,C.A. 2673,6.75,S,3.0,1,mrs,2,3.0,6.75,35.0
280,281,0,3,3,0,65.0,0,0,336439,7.75,Q,2.0,0,mr,3,2.0,7.75,65.0
281,282,0,3,3,0,28.0,0,0,347464,7.8542,S,3.0,0,mr,3,3.0,7.8542,28.0
282,283,0,3,3,0,16.0,0,0,345778,9.5,S,3.0,0,mr,3,3.0,9.5,16.0
283,284,1,3,3,0,19.0,0,0,A/5. 10482,8.05,S,3.0,0,mr,3,3.0,8.05,19.0
284,285,0,1,3,0,41.3,0,0,113056,26.0,A19,3.0,0,mr,3,3.0,26.0,41.3
285,286,0,3,3,0,33.0,0,0,349239,8.6625,C,1.0,0,mr,3,1.0,8.6625,33.0
286,287,1,3,3,0,30.0,0,0,345774,9.5,S,3.0,0,mr,3,3.0,9.5,30.0
287,288,0,3,3,0,22.0,0,0,349206,7.8958,S,3.0,0,mr,3,3.0,7.8958,22.0
288,289,1,2,3,0,42.0,0,0,237798,13.0,S,3.0,0,mr,3,3.0,13.0,42.0
289,290,1,3,1,1,22.0,0,0,370373,7.75,Q,2.0,1,miss,1,2.0,7.75,22.0
290,291,1,1,1,1,26.0,0,0,19877,78.85,S,3.0,1,miss,1,3.0,78.85,26.0
291,292,1,1,2,1,19.0,1,0,11967,45.5396,B49,1.0,1,mrs,2,1.0,45.5396,19.0
292,293,0,2,3,0,36.0,0,0,SC/Paris 2163,12.875,D,1.0,0,mr,3,1.0,12.875,36.0
293,294,0,3,1,1,24.0,0,0,349236,8.85,S,3.0,1,miss,1,3.0,8.85,24.0
294,295,0,3,3,0,24.0,0,0,349233,7.8958,S,3.0,0,mr,3,3.0,7.8958,24.0
295,296,0,1,3,0,41.3,0,0,PC 17612,27.7208,C,1.0,0,mr,3,1.0,27.7208,41.3
296,297,0,3,3,0,23.5,0,0,2693,7.2292,C,1.0,0,mr,3,1.0,7.2292,23.5
297,298,0,1,1,1,2.0,1,2,113781,37.8875,C22 C26,3.0,1,miss,1,3.0,37.8875,2.0
298,299,1,1,3,0,41.3,0,0,19988,30.5,C106,3.0,0,mr,3,3.0,30.5,41.3
299,300,1,1,2,1,50.0,0,1,PC 17558,123.7604,B58 B60,1.0,1,mrs,2,1.0,123.7604,50.0
300,301,1,3,1,1,21.8,0,0,9234,7.75,Q,2.0,1,miss,1,2.0,7.75,21.8
301,302,1,3,3,0,26.5,2,0,367226,7.75,Q,2.0,0,mr,3,2.0,7.75,26.5
302,303,0,3,3,0,19.0,0,0,LINE,0.0,S,3.0,0,mr,3,3.0,0.0,19.0
303,304,1,2,1,1,28.7,0,0,226593,12.35,E101,2.0,1,miss,1,2.0,12.35,28.7
304,305,0,3,3,0,26.5,0,0,A/5 2466,8.05,S,3.0,0,mr,3,3.0,8.05,26.5
305,306,1,1,6,0,0.92,1,2,113781,37.8875,C22 C26,3.0,0,master,6,3.0,37.8875,0.92
306,307,1,1,1,1,34.6,0,0,17421,110.8833,C,1.0,1,miss,1,1.0,110.8833,34.6
307,308,1,1,2,1,17.0,1,0,PC 17758,54.45,C65,1.0,1,mrs,2,1.0,54.45,17.0
308,309,0,2,3,0,30.0,1,0,P/PP 3381,12.0,C,1.0,0,mr,3,1.0,12.0,30.0
309,310,1,1,1,1,30.0,0,0,PC 17485,56.9292,E36,1.0,1,miss,1,1.0,56.9292,30.0
310,311,1,1,1,1,24.0,0,0,11767,83.1583,C54,1.0,1,miss,1,1.0,83.1583,24.0
311,312,1,1,1,1,18.0,2,2,PC 17608,52.475,B57 B59 B63 B66,1.0,1,miss,1,1.0,52.475,18.0
312,313,0,2,2,1,26.0,1,1,250651,8.666666666666666,S,3.0,1,mrs,2,3.0,8.666666666666666,26.0
313,314,0,3,3,0,28.0,0,0,349243,7.8958,S,3.0,0,mr,3,3.0,7.8958,28.0
314,315,0,2,3,0,43.0,1,1,F.C.C. 13529,8.75,S,3.0,0,mr,3,3.0,8.75,43.0
315,316,1,3,1,1,26.0,0,0,347470,7.8542,S,3.0,1,miss,1,3.0,7.8542,26.0
316,317,1,2,2,1,24.0,1,0,244367,13.0,S,3.0,1,mrs,2,3.0,13.0,24.0
317,318,0,2,7,0,54.0,0,0,29011,14.0,S,3.0,0,dr,7,3.0,14.0,54.0
318,319,1,1,1,1,31.0,0,2,36928,54.95556666666667,C7,3.0,1,miss,1,3.0,54.95556666666667,31.0
319,320,1,1,2,1,40.0,1,1,16966,44.833333333333336,E34,1.0,1,mrs,2,1.0,44.833333333333336,40.0
320,321,0,3,3,0,22.0,0,0,A/5 21172,7.25,S,3.0,0,mr,3,3.0,7.25,22.0
321,322,0,3,3,0,27.0,0,0,349219,7.8958,S,3.0,0,mr,3,3.0,7.8958,27.0
322,323,1,2,1,1,30.0,0,0,234818,12.35,Q,2.0,1,miss,1,2.0,12.35,30.0
323,324,1,2,2,1,22.0,1,1,248738,9.666666666666666,S,3.0,1,mrs,2,3.0,9.666666666666666,22.0
324,325,0,3,3,0,26.5,8,2,CA. 2343,6.322727272727272,S,3.0,0,mr,3,3.0,6.322727272727272,26.5
325,326,1,1,1,1,36.0,0,0,PC 17760,135.6333,C32,1.0,1,miss,1,1.0,135.6333,36.0
326,327,0,3,3,0,61.0,0,0,345364,6.2375,S,3.0,0,mr,3,3.0,6.2375,61.0
327,328,1,2,2,1,36.0,0,0,28551,13.0,D,3.0,1,mrs,2,3.0,13.0,36.0
328,329,1,3,2,1,31.0,1,1,363291,6.841666666666666,S,3.0,1,mrs,2,3.0,6.841666666666666,31.0
329,330,1,1,1,1,16.0,0,1,111361,28.9896,B18,1.0,1,miss,1,1.0,28.9896,16.0
330,331,1,3,1,1,21.8,2,0,367226,7.75,Q,2.0,1,miss,1,2.0,7.75,21.8
331,332,0,1,3,0,45.5,0,0,113043,28.5,C124,3.0,0,mr,3,3.0,28.5,45.5
332,333,0,1,3,0,38.0,0,1,PC 17582,76.73125,C91,3.0,0,mr,3,3.0,76.73125,38.0
333,334,0,3,3,0,16.0,2,0,345764,6.0,S,3.0,0,mr,3,3.0,6.0,16.0
334,335,1,1,2,1,34.6,1,0,PC 17611,66.825,S,3.0,1,mrs,2,3.0,66.825,34.6
335,336,0,3,3,0,26.5,0,0,349225,7.8958,S,3.0,0,mr,3,3.0,7.8958,26.5
336,337,0,1,3,0,29.0,1,0,113776,33.3,C2,3.0,0,mr,3,3.0,33.3,29.0
337,338,1,1,1,1,41.0,0,0,16966,134.5,E40,1.0,1,miss,1,1.0,134.5,41.0
338,339,1,3,3,0,45.0,0,0,7598,8.05,S,3.0,0,mr,3,3.0,8.05,45.0
339,340,0,1,3,0,45.0,0,0,113784,35.5,T,3.0,0,mr,3,3.0,35.5,45.0
340,341,1,2,6,0,2.0,1,1,230080,8.666666666666666,F2,3.0,0,master,6,3.0,8.666666666666666,2.0
341,342,1,1,1,1,24.0,3,2,19950,43.833333333333336,C23 C25 C27,3.0,1,miss,1,3.0,43.833333333333336,24.0
342,343,0,2,3,0,28.0,0,0,248740,13.0,S,3.0,0,mr,3,3.0,13.0,28.0
343,344,0,2,3,0,25.0,0,0,244361,13.0,S,3.0,0,mr,3,3.0,13.0,25.0
344,345,0,2,3,0,36.0,0,0,229236,13.0,S,3.0,0,mr,3,3.0,13.0,36.0
345,346,1,2,1,1,24.0,0,0,248733,13.0,F33,3.0,1,miss,1,3.0,13.0,24.0
346,347,1,2,1,1,40.0,0,0,31418,13.0,S,3.0,1,miss,1,3.0,13.0,40.0
347,348,1,3,2,1,21.8,1,0,386525,8.05,S,3.0,1,mrs,2,3.0,8.05,21.8
348,349,1,3,6,0,3.0,1,1,C.A. 37671,5.3,S,3.0,0,master,6,3.0,5.3,3.0
349,350,0,3,3,0,42.0,0,0,315088,8.6625,S,3.0,0,mr,3,3.0,8.6625,42.0
350,351,0,3,3,0,23.0,0,0,7267,9.225,S,3.0,0,mr,3,3.0,9.225,23.0
351,352,0,1,3,0,41.3,0,0,113510,35.0,C128,3.0,0,mr,3,3.0,35.0,41.3
352,353,0,3,3,0,15.0,1,1,2695,2.409733333333333,C,1.0,0,mr,3,1.0,2.409733333333333,15.0
353,354,0,3,3,0,25.0,1,0,349237,8.9,S,3.0,0,mr,3,3.0,8.9,25.0
354,355,0,3,3,0,26.5,0,0,2647,7.225,C,1.0,0,mr,3,1.0,7.225,26.5
355,356,0,3,3,0,28.0,0,0,345783,9.5,S,3.0,0,mr,3,3.0,9.5,28.0
356,357,1,1,1,1,22.0,0,1,113505,27.5,E33,3.0,1,miss,1,3.0,27.5,22.0
357,358,0,2,1,1,38.0,0,0,237671,13.0,S,3.0,1,miss,1,3.0,13.0,38.0
358,359,1,3,1,1,21.8,0,0,330931,7.8792,Q,2.0,1,miss,1,2.0,7.8792,21.8
359,360,1,3,1,1,21.8,0,0,330980,7.8792,Q,2.0,1,miss,1,2.0,7.8792,21.8
360,361,0,3,3,0,40.0,1,4,347088,4.6499999999999995,S,3.0,0,mr,3,3.0,4.6499999999999995,40.0
361,362,0,2,3,0,29.0,1,0,SC/PARIS 2167,13.8604,C,1.0,0,mr,3,1.0,13.8604,29.0
362,363,0,3,2,1,45.0,0,1,2691,7.2271,C,1.0,1,mrs,2,1.0,7.2271,45.0
363,364,0,3,3,0,35.0,0,0,SOTON/O.Q. 3101310,7.05,S,3.0,0,mr,3,3.0,7.05,35.0
364,365,0,3,3,0,26.5,1,0,370365,7.75,Q,2.0,0,mr,3,2.0,7.75,26.5
365,366,0,3,3,0,30.0,0,0,C 7076,7.25,S,3.0,0,mr,3,3.0,7.25,30.0
366,367,1,1,2,1,60.0,1,0,110813,37.625,D37,1.0,1,mrs,2,1.0,37.625,60.0
367,368,1,3,2,1,21.8,0,0,2626,7.2292,C,1.0,1,mrs,2,1.0,7.2292,21.8
368,369,1,3,1,1,21.8,0,0,14313,7.75,Q,2.0,1,miss,1,2.0,7.75,21.8
369,370,1,1,2,1,24.0,0,0,PC 17477,69.3,B35,1.0,1,mme,2,1.0,69.3,24.0
370,371,1,1,3,0,25.0,1,0,11765,27.72085,E50,1.0,0,mr,3,1.0,27.72085,25.0
371,372,0,3,3,0,18.0,1,0,3101267,3.2479,S,3.0,0,mr,3,3.0,3.2479,18.0
372,373,0,3,3,0,19.0,0,0,323951,8.05,S,3.0,0,mr,3,3.0,8.05,19.0
373,374,0,1,3,0,22.0,0,0,PC 17760,135.6333,C,1.0,0,mr,3,1.0,135.6333,22.0
374,375,0,3,1,1,3.0,3,1,349909,4.215,S,3.0,1,miss,1,3.0,4.215,3.0
375,376,1,1,2,1,34.6,1,0,PC 17604,41.0854,C,1.0,1,mrs,2,1.0,41.0854,34.6
376,377,1,3,1,1,22.0,0,0,C 7077,7.25,S,3.0,1,miss,1,3.0,7.25,22.0
377,378,0,1,3,0,27.0,0,2,113503,70.5,C82,1.0,0,mr,3,1.0,70.5,27.0
378,379,0,3,3,0,20.0,0,0,2648,4.0125,C,1.0,0,mr,3,1.0,4.0125,20.0
379,380,0,3,3,0,19.0,0,0,347069,7.775,S,3.0,0,mr,3,3.0,7.775,19.0
380,381,1,1,1,1,42.0,0,0,PC 17757,227.525,C,1.0,1,miss,1,1.0,227.525,42.0
381,382,1,3,1,1,1.0,0,2,2653,5.247233333333333,C,1.0,1,miss,1,1.0,5.247233333333333,1.0
382,383,0,3,3,0,32.0,0,0,STON/O 2. 3101293,7.925,S,3.0,0,mr,3,3.0,7.925,32.0
383,384,1,1,2,1,35.0,1,0,113789,26.0,S,3.0,1,mrs,2,3.0,26.0,35.0
384,385,0,3,3,0,26.5,0,0,349227,7.8958,S,3.0,0,mr,3,3.0,7.8958,26.5
385,386,0,2,3,0,18.0,0,0,S.O.C. 14879,73.5,S,3.0,0,mr,3,3.0,73.5,18.0
386,387,0,3,6,0,1.0,5,2,CA 2144,5.8625,S,3.0,0,master,6,3.0,5.8625,1.0
387,388,1,2,1,1,36.0,0,0,27849,13.0,S,3.0,1,miss,1,3.0,13.0,36.0
388,389,0,3,3,0,26.5,0,0,367655,7.7292,Q,2.0,0,mr,3,2.0,7.7292,26.5
389,390,1,2,1,1,17.0,0,0,SC 1748,12.0,C,1.0,1,miss,1,1.0,12.0,17.0
390,391,1,1,3,0,36.0,1,2,113760,30.0,B96 B98,3.0,0,mr,3,3.0,30.0,36.0
391,392,1,3,3,0,21.0,0,0,350034,7.7958,S,3.0,0,mr,3,3.0,7.7958,21.0
392,393,0,3,3,0,28.0,2,0,3101277,2.6416666666666666,S,3.0,0,mr,3,3.0,2.6416666666666666,28.0
393,394,1,1,1,1,23.0,1,0,35273,56.6375,D36,1.0,1,miss,1,1.0,56.6375,23.0
394,395,1,3,2,1,24.0,0,2,PP 9549,5.566666666666666,G6,3.0,1,mrs,2,3.0,5.566666666666666,24.0
395,396,0,3,3,0,22.0,0,0,350052,7.7958,S,3.0,0,mr,3,3.0,7.7958,22.0
396,397,0,3,1,1,31.0,0,0,350407,7.8542,S,3.0,1,miss,1,3.0,7.8542,31.0
397,398,0,2,3,0,46.0,0,0,28403,26.0,S,3.0,0,mr,3,3.0,26.0,46.0
398,399,0,2,7,0,23.0,0,0,244278,10.5,S,3.0,0,dr,7,3.0,10.5,23.0
399,400,1,2,2,1,28.0,0,0,240929,12.65,S,3.0,1,mrs,2,3.0,12.65,28.0
400,401,1,3,3,0,39.0,0,0,STON/O 2. 3101289,7.925,S,3.0,0,mr,3,3.0,7.925,39.0
401,402,0,3,3,0,26.0,0,0,341826,8.05,S,3.0,0,mr,3,3.0,8.05,26.0
402,403,0,3,1,1,21.0,1,0,4137,4.9125,S,3.0,1,miss,1,3.0,4.9125,21.0
403,404,0,3,3,0,28.0,1,0,STON/O2. 3101279,7.925,S,3.0,0,mr,3,3.0,7.925,28.0
404,405,0,3,1,1,20.0,0,0,315096,8.6625,S,3.0,1,miss,1,3.0,8.6625,20.0
405,406,0,2,3,0,34.0,1,0,28664,10.5,S,3.0,0,mr,3,3.0,10.5,34.0
406,407,0,3,3,0,51.0,0,0,347064,7.75,S,3.0,0,mr,3,3.0,7.75,51.0
407,408,1,2,6,0,3.0,1,1,29106,6.25,S,3.0,0,master,6,3.0,6.25,3.0
408,409,0,3,3,0,21.0,0,0,312992,7.775,S,3.0,0,mr,3,3.0,7.775,21.0
409,410,0,3,1,1,21.8,3,1,4133,5.0933399999999995,S,3.0,1,miss,1,3.0,5.0933399999999995,21.8
410,411,0,3,3,0,26.5,0,0,349222,7.8958,S,3.0,0,mr,3,3.0,7.8958,26.5
411,412,0,3,3,0,26.5,0,0,394140,6.8583,Q,2.0,0,mr,3,2.0,6.8583,26.5
412,413,1,1,1,1,33.0,1,0,19928,45.0,C78,2.0,1,miss,1,2.0,45.0,33.0
413,414,0,2,3,0,30.7,0,0,239853,0.0,S,3.0,0,mr,3,3.0,0.0,30.7
414,415,1,3,3,0,44.0,0,0,STON/O 2. 3101269,7.925,S,3.0,0,mr,3,3.0,7.925,44.0
415,416,0,3,2,1,21.8,0,0,343095,8.05,S,3.0,1,mrs,2,3.0,8.05,21.8
416,417,1,2,2,1,34.0,1,1,28220,10.833333333333334,S,3.0,1,mrs,2,3.0,10.833333333333334,34.0
417,418,1,2,1,1,18.0,0,2,250652,4.333333333333333,S,3.0,1,miss,1,3.0,4.333333333333333,18.0
418,419,0,2,3,0,30.0,0,0,28228,13.0,S,3.0,0,mr,3,3.0,13.0,30.0
419,420,0,3,1,1,10.0,0,2,345773,8.049999999999999,S,3.0,1,miss,1,3.0,8.049999999999999,10.0
420,421,0,3,3,0,26.5,0,0,349254,7.8958,C,1.0,0,mr,3,1.0,7.8958,26.5
421,422,0,3,3,0,21.0,0,0,A/5. 13032,7.7333,Q,2.0,0,mr,3,2.0,7.7333,21.0
422,423,0,3,3,0,29.0,0,0,315082,7.875,S,3.0,0,mr,3,3.0,7.875,29.0
423,424,0,3,2,1,28.0,1,1,347080,4.8,S,3.0,1,mrs,2,3.0,4.8,28.0
424,425,0,3,3,0,18.0,1,1,370129,6.7375,S,3.0,0,mr,3,3.0,6.7375,18.0
425,426,0,3,3,0,26.5,0,0,A/4. 34244,7.25,S,3.0,0,mr,3,3.0,7.25,26.5
426,427,1,2,2,1,28.0,1,0,2003,13.0,S,3.0,1,mrs,2,3.0,13.0,28.0
427,428,1,2,1,1,19.0,0,0,250655,26.0,S,3.0,1,miss,1,3.0,26.0,19.0
428,429,0,3,3,0,26.5,0,0,364851,7.75,Q,2.0,0,mr,3,2.0,7.75,26.5
429,430,1,3,3,0,32.0,0,0,SOTON/O.Q. 392078,8.05,E10,3.0,0,mr,3,3.0,8.05,32.0
430,431,1,1,3,0,28.0,0,0,110564,26.55,C52,3.0,0,mr,3,3.0,26.55,28.0
431,432,1,3,2,1,21.8,1,0,376564,8.05,S,3.0,1,mrs,2,3.0,8.05,21.8
432,433,1,2,2,1,42.0,1,0,SC/AH 3085,13.0,S,3.0,1,mrs,2,3.0,13.0,42.0
433,434,0,3,3,0,17.0,0,0,STON/O 2. 3101274,7.125,S,3.0,0,mr,3,3.0,7.125,17.0
434,435,0,1,3,0,50.0,1,0,13507,27.95,E44,3.0,0,mr,3,3.0,27.95,50.0
435,436,1,1,1,1,14.0,1,2,113760,30.0,B96 B98,3.0,1,miss,1,3.0,30.0,14.0
436,437,0,3,1,1,21.0,2,2,W./C. 6608,6.875,S,3.0,1,miss,1,3.0,6.875,21.0
437,438,1,2,2,1,24.0,2,3,29106,3.125,S,3.0,1,mrs,2,3.0,3.125,24.0
438,439,0,1,3,0,64.0,1,4,19950,43.833333333333336,C23 C25 C27,3.0,0,mr,3,3.0,43.833333333333336,64.0
439,440,0,2,3,0,31.0,0,0,C.A. 18723,10.5,S,3.0,0,mr,3,3.0,10.5,31.0
440,441,1,2,2,1,45.0,1,1,F.C.C. 13529,8.75,S,3.0,1,mrs,2,3.0,8.75,45.0
441,442,0,3,3,0,20.0,0,0,345769,9.5,S,3.0,0,mr,3,3.0,9.5,20.0
442,443,0,3,3,0,25.0,1,0,347076,3.8875,S,3.0,0,mr,3,3.0,3.8875,25.0
443,444,1,2,1,1,28.0,0,0,230434,13.0,S,3.0,1,ms,1,3.0,13.0,28.0
444,445,1,3,3,0,26.5,0,0,65306,8.1125,S,3.0,0,mr,3,3.0,8.1125,26.5
445,446,1,1,6,0,4.0,0,2,33638,27.2861,A34,3.0,0,master,6,3.0,27.2861,4.0
446,447,1,2,1,1,13.0,0,1,250644,9.75,S,3.0,1,miss,1,3.0,9.75,13.0
447,448,1,1,3,0,34.0,0,0,113794,26.55,S,3.0,0,mr,3,3.0,26.55,34.0
448,449,1,3,1,1,5.0,2,1,2666,4.814575,C,1.0,1,miss,1,1.0,4.814575,5.0
449,450,1,1,4,0,52.0,0,0,113786,30.5,C104,3.0,0,major,4,3.0,30.5,52.0
450,451,0,2,3,0,36.0,1,2,C.A. 34651,6.9375,S,3.0,0,mr,3,3.0,6.9375,36.0
451,452,0,3,3,0,26.5,1,0,65303,9.98335,S,3.0,0,mr,3,3.0,9.98335,26.5
452,453,0,1,3,0,30.0,0,0,113051,27.75,C111,1.0,0,mr,3,1.0,27.75,30.0
453,454,1,1,3,0,49.0,1,0,17453,44.5521,C92,1.0,0,mr,3,1.0,44.5521,49.0
454,455,0,3,3,0,26.5,0,0,A/5 2817,8.05,S,3.0,0,mr,3,3.0,8.05,26.5
455,456,1,3,3,0,29.0,0,0,349240,7.8958,C,1.0,0,mr,3,1.0,7.8958,29.0
456,457,0,1,3,0,65.0,0,0,13509,26.55,E38,3.0,0,mr,3,3.0,26.55,65.0
457,458,1,1,2,1,34.6,1,0,17464,25.93125,D21,3.0,1,mrs,2,3.0,25.93125,34.6
458,459,1,2,1,1,50.0,0,0,F.C.C. 13531,10.5,S,3.0,1,miss,1,3.0,10.5,50.0
459,460,0,3,3,0,26.5,0,0,371060,7.75,Q,2.0,0,mr,3,2.0,7.75,26.5
460,461,1,1,3,0,48.0,0,0,19952,26.55,E12,3.0,0,mr,3,3.0,26.55,48.0
461,462,0,3,3,0,34.0,0,0,364506,8.05,S,3.0,0,mr,3,3.0,8.05,34.0
462,463,0,1,3,0,47.0,0,0,111320,38.5,E63,3.0,0,mr,3,3.0,38.5,47.0
463,464,0,2,3,0,48.0,0,0,234360,13.0,S,3.0,0,mr,3,3.0,13.0,48.0
464,465,0,3,3,0,26.5,0,0,A/S 2816,8.05,S,3.0,0,mr,3,3.0,8.05,26.5
465,466,0,3,3,0,38.0,0,0,SOTON/O.Q. 3101306,7.05,S,3.0,0,mr,3,3.0,7.05,38.0
466,467,0,2,3,0,30.7,0,0,239853,0.0,S,3.0,0,mr,3,3.0,0.0,30.7
467,468,0,1,3,0,56.0,0,0,113792,26.55,S,3.0,0,mr,3,3.0,26.55,56.0
468,469,0,3,3,0,26.5,0,0,36209,7.725,Q,2.0,0,mr,3,2.0,7.725,26.5
469,470,1,3,1,1,0.75,2,1,2666,4.814575,C,1.0,1,miss,1,1.0,4.814575,0.75
470,471,0,3,3,0,26.5,0,0,323592,7.25,S,3.0,0,mr,3,3.0,7.25,26.5
471,472,0,3,3,0,38.0,0,0,315089,8.6625,S,3.0,0,mr,3,3.0,8.6625,38.0
472,473,1,2,2,1,33.0,1,2,C.A. 34651,6.9375,S,3.0,1,mrs,2,3.0,6.9375,33.0
473,474,1,2,2,1,23.0,0,0,SC/AH Basle 541,13.7917,D,1.0,1,mrs,2,1.0,13.7917,23.0
474,475,0,3,1,1,22.0,0,0,7553,9.8375,S,3.0,1,miss,1,3.0,9.8375,22.0
475,476,0,1,3,0,41.3,0,0,110465,52.0,A14,3.0,0,mr,3,3.0,52.0,41.3
476,477,0,2,3,0,34.0,1,0,31027,10.5,S,3.0,0,mr,3,3.0,10.5,34.0
477,478,0,3,3,0,29.0,1,0,3460,3.5229,S,3.0,0,mr,3,3.0,3.5229,29.0
478,479,0,3,3,0,22.0,0,0,350060,7.5208,S,3.0,0,mr,3,3.0,7.5208,22.0
479,480,1,3,1,1,2.0,0,1,3101298,6.14375,S,3.0,1,miss,1,3.0,6.14375,2.0
480,481,0,3,6,0,9.0,5,2,CA 2144,5.8625,S,3.0,0,master,6,3.0,5.8625,9.0
481,482,0,2,3,0,30.7,0,0,239854,0.0,S,3.0,0,mr,3,3.0,0.0,30.7
482,483,0,3,3,0,50.0,0,0,A/5 3594,8.05,S,3.0,0,mr,3,3.0,8.05,50.0
483,484,1,3,2,1,63.0,0,0,4134,9.5875,S,3.0,1,mrs,2,3.0,9.5875,63.0
484,485,1,1,3,0,25.0,1,0,11967,45.5396,B49,1.0,0,mr,3,1.0,45.5396,25.0
485,486,0,3,1,1,21.8,3,1,4133,5.0933399999999995,S,3.0,1,miss,1,3.0,5.0933399999999995,21.8
486,487,1,1,2,1,35.0,1,0,19943,45.0,C93,3.0,1,mrs,2,3.0,45.0,35.0
487,488,0,1,3,0,58.0,0,0,11771,29.7,B37,1.0,0,mr,3,1.0,29.7,58.0
488,489,0,3,3,0,30.0,0,0,A.5. 18509,8.05,S,3.0,0,mr,3,3.0,8.05,30.0
489,490,1,3,6,0,9.0,1,1,C.A. 37671,5.3,S,3.0,0,master,6,3.0,5.3,9.0
490,491,0,3,3,0,26.5,1,0,65304,9.98335,S,3.0,0,mr,3,3.0,9.98335,26.5
491,492,0,3,3,0,21.0,0,0,SOTON/OQ 3101317,7.25,S,3.0,0,mr,3,3.0,7.25,21.0
492,493,0,1,3,0,55.0,0,0,113787,30.5,C30,3.0,0,mr,3,3.0,30.5,55.0
493,494,0,1,3,0,71.0,0,0,PC 17609,49.5042,C,1.0,0,mr,3,1.0,49.5042,71.0
494,495,0,3,3,0,21.0,0,0,A/4 45380,8.05,S,3.0,0,mr,3,3.0,8.05,21.0
495,496,0,3,3,0,26.5,0,0,2627,14.4583,C,1.0,0,mr,3,1.0,14.4583,26.5
496,497,1,1,1,1,54.0,1,0,36947,39.13335,D20,1.0,1,miss,1,1.0,39.13335,54.0
497,498,0,3,3,0,26.5,0,0,C.A. 6212,15.1,S,3.0,0,mr,3,3.0,15.1,26.5
498,499,0,1,2,1,25.0,1,2,113781,37.8875,C22 C26,3.0,1,mrs,2,3.0,37.8875,25.0
499,500,0,3,3,0,24.0,0,0,350035,7.7958,S,3.0,0,mr,3,3.0,7.7958,24.0
500,501,0,3,3,0,17.0,0,0,315086,8.6625,S,3.0,0,mr,3,3.0,8.6625,17.0
501,502,0,3,1,1,21.0,0,0,364846,7.75,Q,2.0,1,miss,1,2.0,7.75,21.0
502,503,0,3,1,1,21.8,0,0,330909,7.6292,Q,2.0,1,miss,1,2.0,7.6292,21.8
503,504,0,3,1,1,37.0,0,0,4135,9.5875,S,3.0,1,miss,1,3.0,9.5875,37.0
504,505,1,1,1,1,16.0,0,0,110152,86.5,B79,3.0,1,miss,1,3.0,86.5,16.0
505,506,0,1,3,0,18.0,1,0,PC 17758,54.45,C65,1.0,0,mr,3,1.0,54.45,18.0
506,507,1,2,2,1,33.0,0,2,26360,8.666666666666666,S,3.0,1,mrs,2,3.0,8.666666666666666,33.0
507,508,1,1,3,0,41.3,0,0,111427,26.55,S,3.0,0,mr,3,3.0,26.55,41.3
508,509,0,3,3,0,28.0,0,0,C 4001,22.525,S,3.0,0,mr,3,3.0,22.525,28.0
509,510,1,3,3,0,26.0,0,0,1601,56.4958,S,3.0,0,mr,3,3.0,56.4958,26.0
510,511,1,3,3,0,29.0,0,0,382651,7.75,Q,2.0,0,mr,3,2.0,7.75,29.0
511,512,0,3,3,0,26.5,0,0,SOTON/OQ 3101316,8.05,S,3.0,0,mr,3,3.0,8.05,26.5
512,513,1,1,3,0,36.0,0,0,PC 17473,26.2875,E25,3.0,0,mr,3,3.0,26.2875,36.0
513,514,1,1,2,1,54.0,1,0,PC 17603,29.7,C,1.0,1,mrs,2,1.0,29.7,54.0
514,515,0,3,3,0,24.0,0,0,349209,7.4958,S,3.0,0,mr,3,3.0,7.4958,24.0
515,516,0,1,3,0,47.0,0,0,36967,34.0208,D46,3.0,0,mr,3,3.0,34.0208,47.0
516,517,1,2,2,1,34.0,0,0,C.A. 34260,10.5,F33,3.0,1,mrs,2,3.0,10.5,34.0
517,518,0,3,3,0,26.5,0,0,371110,24.15,Q,2.0,0,mr,3,2.0,24.15,26.5
518,519,1,2,2,1,36.0,1,0,226875,13.0,S,3.0,1,mrs,2,3.0,13.0,36.0
519,520,0,3,3,0,32.0,0,0,349242,7.8958,S,3.0,0,mr,3,3.0,7.8958,32.0
520,521,1,1,1,1,30.0,0,0,12749,93.5,B73,3.0,1,miss,1,3.0,93.5,30.0
521,522,0,3,3,0,22.0,0,0,349252,7.8958,S,3.0,0,mr,3,3.0,7.8958,22.0
522,523,0,3,3,0,26.5,0,0,2624,7.225,C,1.0,0,mr,3,1.0,7.225,26.5
523,524,1,1,2,1,44.0,0,1,111361,28.9896,B18,1.0,1,mrs,2,1.0,28.9896,44.0
524,525,0,3,3,0,26.5,0,0,2700,7.2292,C,1.0,0,mr,3,1.0,7.2292,26.5
525,526,0,3,3,0,40.5,0,0,367232,7.75,Q,2.0,0,mr,3,2.0,7.75,40.5
526,527,1,2,1,1,50.0,0,0,W./C. 14258,10.5,S,3.0,1,miss,1,3.0,10.5,50.0
527,528,0,1,3,0,41.3,0,0,PC 17483,221.7792,C95,3.0,0,mr,3,3.0,221.7792,41.3
528,529,0,3,3,0,39.0,0,0,3101296,7.925,S,3.0,0,mr,3,3.0,7.925,39.0
529,530,0,2,3,0,23.0,2,1,29104,2.875,S,3.0,0,mr,3,3.0,2.875,23.0
530,531,1,2,1,1,2.0,1,1,26360,8.666666666666666,S,3.0,1,miss,1,3.0,8.666666666666666,2.0
531,532,0,3,3,0,26.5,0,0,2641,7.2292,C,1.0,0,mr,3,1.0,7.2292,26.5
532,533,0,3,3,0,17.0,1,1,2690,2.409733333333333,C,1.0,0,mr,3,1.0,2.409733333333333,17.0
533,534,1,3,2,1,21.8,0,2,2668,7.452766666666666,C,1.0,1,mrs,2,1.0,7.452766666666666,21.8
534,535,0,3,1,1,30.0,0,0,315084,8.6625,S,3.0,1,miss,1,3.0,8.6625,30.0
535,536,1,2,1,1,7.0,0,2,F.C.C. 13529,8.75,S,3.0,1,miss,1,3.0,8.75,7.0
536,537,0,1,4,0,45.0,0,0,113050,26.55,B38,3.0,0,major,4,3.0,26.55,45.0
537,538,1,1,1,1,30.0,0,0,PC 17761,106.425,C,1.0,1,miss,1,1.0,106.425,30.0
538,539,0,3,3,0,26.5,0,0,364498,14.5,S,3.0,0,mr,3,3.0,14.5,26.5
539,540,1,1,1,1,22.0,0,2,13568,16.5,B39,1.0,1,miss,1,1.0,16.5,22.0
540,541,1,1,1,1,36.0,0,2,WE/P 5735,23.666666666666668,B22,3.0,1,miss,1,3.0,23.666666666666668,36.0
541,542,0,3,1,1,9.0,4,2,347082,4.4678571428571425,S,3.0,1,miss,1,3.0,4.4678571428571425,9.0
542,543,0,3,1,1,11.0,4,2,347082,4.4678571428571425,S,3.0,1,miss,1,3.0,4.4678571428571425,11.0
543,544,1,2,3,0,32.0,1,0,2908,13.0,S,3.0,0,mr,3,3.0,13.0,32.0
544,545,0,1,3,0,50.0,1,0,PC 17761,53.2125,C86,1.0,0,mr,3,1.0,53.2125,50.0
545,546,0,1,3,0,64.0,0,0,693,26.0,S,3.0,0,mr,3,3.0,26.0,64.0
546,547,1,2,2,1,19.0,1,0,2908,13.0,S,3.0,1,mrs,2,3.0,13.0,19.0
547,548,1,2,3,0,30.7,0,0,SC/PARIS 2146,13.8625,C,1.0,0,mr,3,1.0,13.8625,30.7
548,549,0,3,3,0,33.0,1,1,363291,6.841666666666666,S,3.0,0,mr,3,3.0,6.841666666666666,33.0
549,550,1,2,6,0,8.0,1,1,C.A. 33112,12.25,S,3.0,0,master,6,3.0,12.25,8.0
550,551,1,1,3,0,17.0,0,2,17421,36.9611,C70,1.0,0,mr,3,1.0,36.9611,17.0
551,552,0,2,3,0,27.0,0,0,244358,26.0,S,3.0,0,mr,3,3.0,26.0,27.0
552,553,0,3,3,0,26.5,0,0,330979,7.8292,Q,2.0,0,mr,3,2.0,7.8292,26.5
553,554,1,3,3,0,22.0,0,0,2620,7.225,C,1.0,0,mr,3,1.0,7.225,22.0
554,555,1,3,1,1,22.0,0,0,347085,7.775,S,3.0,1,miss,1,3.0,7.775,22.0
555,556,0,1,3,0,62.0,0,0,113807,26.55,S,3.0,0,mr,3,3.0,26.55,62.0
556,557,1,1,5,1,48.0,1,0,11755,19.8,A16,1.0,1,lady,5,1.0,19.8,48.0
557,558,0,1,3,0,41.3,0,0,PC 17757,227.525,C,1.0,0,mr,3,1.0,227.525,41.3
558,559,1,1,2,1,39.0,1,1,110413,26.55,E67,3.0,1,mrs,2,3.0,26.55,39.0
559,560,1,3,2,1,36.0,1,0,345572,8.7,S,3.0,1,mrs,2,3.0,8.7,36.0
560,561,0,3,3,0,26.5,0,0,372622,7.75,Q,2.0,0,mr,3,2.0,7.75,26.5
561,562,0,3,3,0,40.0,0,0,349251,7.8958,S,3.0,0,mr,3,3.0,7.8958,40.0
562,563,0,2,3,0,28.0,0,0,218629,13.5,S,3.0,0,mr,3,3.0,13.5,28.0
563,564,0,3,3,0,26.5,0,0,SOTON/OQ 392082,8.05,S,3.0,0,mr,3,3.0,8.05,26.5
564,565,0,3,1,1,21.8,0,0,SOTON/O.Q. 392087,8.05,S,3.0,1,miss,1,3.0,8.05,21.8
565,566,0,3,3,0,24.0,2,0,A/4 48871,8.049999999999999,S,3.0,0,mr,3,3.0,8.049999999999999,24.0
566,567,0,3,3,0,19.0,0,0,349205,7.8958,S,3.0,0,mr,3,3.0,7.8958,19.0
567,568,0,3,2,1,29.0,0,4,349909,4.215,S,3.0,1,mrs,2,3.0,4.215,29.0
568,569,0,3,3,0,26.5,0,0,2686,7.2292,C,1.0,0,mr,3,1.0,7.2292,26.5
569,570,1,3,3,0,32.0,0,0,350417,7.8542,S,3.0,0,mr,3,3.0,7.8542,32.0
570,571,1,2,3,0,62.0,0,0,S.W./PP 752,10.5,S,3.0,0,mr,3,3.0,10.5,62.0
571,572,1,1,2,1,53.0,2,0,11769,17.15973333333333,C101,3.0,1,mrs,2,3.0,17.15973333333333,53.0
572,573,1,1,3,0,36.0,0,0,PC 17474,26.3875,E25,3.0,0,mr,3,3.0,26.3875,36.0
573,574,1,3,1,1,21.8,0,0,14312,7.75,Q,2.0,1,miss,1,2.0,7.75,21.8
574,575,0,3,3,0,16.0,0,0,A/4. 20589,8.05,S,3.0,0,mr,3,3.0,8.05,16.0
575,576,0,3,3,0,19.0,0,0,358585,14.5,S,3.0,0,mr,3,3.0,14.5,19.0
576,577,1,2,1,1,34.0,0,0,243880,13.0,S,3.0,1,miss,1,3.0,13.0,34.0
577,578,1,1,2,1,39.0,1,0,13507,27.95,E44,3.0,1,mrs,2,3.0,27.95,39.0
578,579,0,3,2,1,21.8,1,0,2689,7.22915,C,1.0,1,mrs,2,1.0,7.22915,21.8
579,580,1,3,3,0,32.0,0,0,STON/O 2. 3101286,7.925,S,3.0,0,mr,3,3.0,7.925,32.0
580,581,1,2,1,1,25.0,1,1,237789,10.0,S,3.0,1,miss,1,3.0,10.0,25.0
581,582,1,1,2,1,39.0,1,1,17421,36.9611,C68,1.0,1,mrs,2,1.0,36.9611,39.0
582,583,0,2,3,0,54.0,0,0,28403,26.0,S,3.0,0,mr,3,3.0,26.0,54.0
583,584,0,1,3,0,36.0,0,0,13049,40.125,A10,1.0,0,mr,3,1.0,40.125,36.0
584,585,0,3,3,0,26.5,0,0,3411,8.7125,C,1.0,0,mr,3,1.0,8.7125,26.5
585,586,1,1,1,1,18.0,0,2,110413,26.55,E68,3.0,1,miss,1,3.0,26.55,18.0
586,587,0,2,3,0,47.0,0,0,237565,15.0,S,3.0,0,mr,3,3.0,15.0,47.0
587,588,1,1,3,0,60.0,1,1,13567,26.400000000000002,B41,1.0,0,mr,3,1.0,26.400000000000002,60.0
588,589,0,3,3,0,22.0,0,0,14973,8.05,S,3.0,0,mr,3,3.0,8.05,22.0
589,590,0,3,3,0,26.5,0,0,A./5. 3235,8.05,S,3.0,0,mr,3,3.0,8.05,26.5
590,591,0,3,3,0,35.0,0,0,STON/O 2. 3101273,7.125,S,3.0,0,mr,3,3.0,7.125,35.0
591,592,1,1,2,1,52.0,1,0,36947,39.13335,D20,1.0,1,mrs,2,1.0,39.13335,52.0
592,593,0,3,3,0,47.0,0,0,A/5 3902,7.25,S,3.0,0,mr,3,3.0,7.25,47.0
593,594,0,3,1,1,21.8,0,2,364848,2.5833333333333335,Q,2.0,1,miss,1,2.0,2.5833333333333335,21.8
594,595,0,2,3,0,37.0,1,0,SC/AH 29037,13.0,S,3.0,0,mr,3,3.0,13.0,37.0
595,596,0,3,3,0,36.0,1,1,345773,8.049999999999999,S,3.0,0,mr,3,3.0,8.049999999999999,36.0
596,597,1,2,1,1,28.7,0,0,248727,33.0,S,3.0,1,miss,1,3.0,33.0,28.7
597,598,0,3,3,0,49.0,0,0,LINE,0.0,S,3.0,0,mr,3,3.0,0.0,49.0
598,599,0,3,3,0,26.5,0,0,2664,7.225,C,1.0,0,mr,3,1.0,7.225,26.5
599,600,1,1,5,0,49.0,1,0,PC 17485,28.4646,A20,1.0,0,sir,5,1.0,28.4646,49.0
600,601,1,2,2,1,24.0,2,1,243847,6.75,S,3.0,1,mrs,2,3.0,6.75,24.0
601,602,0,3,3,0,26.5,0,0,349214,7.8958,S,3.0,0,mr,3,3.0,7.8958,26.5
602,603,0,1,3,0,41.3,0,0,113796,42.4,S,3.0,0,mr,3,3.0,42.4,41.3
603,604,0,3,3,0,44.0,0,0,364511,8.05,S,3.0,0,mr,3,3.0,8.05,44.0
604,605,1,1,3,0,35.0,0,0,111426,26.55,C,1.0,0,mr,3,1.0,26.55,35.0
605,606,0,3,3,0,36.0,1,0,349910,7.775,S,3.0,0,mr,3,3.0,7.775,36.0
606,607,0,3,3,0,30.0,0,0,349246,7.8958,S,3.0,0,mr,3,3.0,7.8958,30.0
607,608,1,1,3,0,27.0,0,0,113804,30.5,S,3.0,0,mr,3,3.0,30.5,27.0
608,609,1,2,2,1,22.0,1,2,SC/Paris 2123,10.3948,C,1.0,1,mrs,2,1.0,10.3948,22.0
609,610,1,1,1,1,40.0,0,0,PC 17582,153.4625,C125,3.0,1,miss,1,3.0,153.4625,40.0
610,611,0,3,2,1,39.0,1,5,347082,4.4678571428571425,S,3.0,1,mrs,2,3.0,4.4678571428571425,39.0
611,612,0,3,3,0,26.5,0,0,SOTON/O.Q. 3101305,7.05,S,3.0,0,mr,3,3.0,7.05,26.5
612,613,1,3,1,1,21.8,1,0,367230,7.75,Q,2.0,1,miss,1,2.0,7.75,21.8
613,614,0,3,3,0,26.5,0,0,370377,7.75,Q,2.0,0,mr,3,2.0,7.75,26.5
614,615,0,3,3,0,35.0,0,0,364512,8.05,S,3.0,0,mr,3,3.0,8.05,35.0
615,616,1,2,1,1,24.0,1,2,220845,16.25,S,3.0,1,miss,1,3.0,16.25,24.0
616,617,0,3,3,0,34.0,1,1,347080,4.8,S,3.0,0,mr,3,3.0,4.8,34.0
617,618,0,3,2,1,26.0,1,0,A/5. 3336,8.05,S,3.0,1,mrs,2,3.0,8.05,26.0
618,619,1,2,1,1,4.0,2,1,230136,9.75,F4,3.0,1,miss,1,3.0,9.75,4.0
619,620,0,2,3,0,26.0,0,0,31028,10.5,S,3.0,0,mr,3,3.0,10.5,26.0
620,621,0,3,3,0,27.0,1,0,2659,7.2271,C,1.0,0,mr,3,1.0,7.2271,27.0
621,622,1,1,3,0,42.0,1,0,11753,26.2771,D19,3.0,0,mr,3,3.0,26.2771,42.0
622,623,1,3,3,0,20.0,1,1,2653,5.247233333333333,C,1.0,0,mr,3,1.0,5.247233333333333,20.0
623,624,0,3,3,0,21.0,0,0,350029,7.8542,S,3.0,0,mr,3,3.0,7.8542,21.0
624,625,0,3,3,0,21.0,0,0,54636,16.1,S,3.0,0,mr,3,3.0,16.1,21.0
625,626,0,1,3,0,61.0,0,0,36963,32.3208,D50,3.0,0,mr,3,3.0,32.3208,61.0
626,627,0,2,8,0,57.0,0,0,219533,12.35,Q,2.0,0,rev,8,2.0,12.35,57.0
627,628,1,1,1,1,21.0,0,0,13502,77.9583,D9,3.0,1,miss,1,3.0,77.9583,21.0
628,629,0,3,3,0,26.0,0,0,349224,7.8958,S,3.0,0,mr,3,3.0,7.8958,26.0
629,630,0,3,3,0,26.5,0,0,334912,7.7333,Q,2.0,0,mr,3,2.0,7.7333,26.5
630,631,1,1,3,0,80.0,0,0,27042,30.0,A23,3.0,0,mr,3,3.0,30.0,80.0
631,632,0,3,3,0,51.0,0,0,347743,7.0542,S,3.0,0,mr,3,3.0,7.0542,51.0
632,633,1,1,7,0,32.0,0,0,13214,30.5,B50,1.0,0,dr,7,1.0,30.5,32.0
633,634,0,1,3,0,41.3,0,0,112052,0.0,S,3.0,0,mr,3,3.0,0.0,41.3
634,635,0,3,1,1,9.0,3,2,347088,4.6499999999999995,S,3.0,1,miss,1,3.0,4.6499999999999995,9.0
635,636,1,2,1,1,28.0,0,0,237668,13.0,S,3.0,1,miss,1,3.0,13.0,28.0
636,637,0,3,3,0,32.0,0,0,STON/O 2. 3101292,7.925,S,3.0,0,mr,3,3.0,7.925,32.0
637,638,0,2,3,0,31.0,1,1,C.A. 31921,8.75,S,3.0,0,mr,3,3.0,8.75,31.0
638,639,0,3,2,1,41.0,0,5,3101295,6.614583333333333,S,3.0,1,mrs,2,3.0,6.614583333333333,41.0
639,640,0,3,3,0,26.5,1,0,376564,8.05,S,3.0,0,mr,3,3.0,8.05,26.5
640,641,0,3,3,0,20.0,0,0,350050,7.8542,S,3.0,0,mr,3,3.0,7.8542,20.0
641,642,1,1,1,1,24.0,0,0,PC 17477,69.3,B35,1.0,1,mlle,1,1.0,69.3,24.0
642,643,0,3,1,1,2.0,3,2,347088,4.6499999999999995,S,3.0,1,miss,1,3.0,4.6499999999999995,2.0
643,644,1,3,3,0,26.5,0,0,1601,56.4958,S,3.0,0,mr,3,3.0,56.4958,26.5
644,645,1,3,1,1,0.75,2,1,2666,4.814575,C,1.0,1,miss,1,1.0,4.814575,0.75
645,646,1,1,3,0,48.0,1,0,PC 17572,38.3646,D33,1.0,0,mr,3,1.0,38.3646,48.0
646,647,0,3,3,0,19.0,0,0,349231,7.8958,S,3.0,0,mr,3,3.0,7.8958,19.0
647,648,1,1,4,0,56.0,0,0,13213,35.5,A26,1.0,0,col,4,1.0,35.5,56.0
648,649,0,3,3,0,26.5,0,0,S.O./P.P. 751,7.55,S,3.0,0,mr,3,3.0,7.55,26.5
649,650,1,3,1,1,23.0,0,0,CA. 2314,7.55,S,3.0,1,miss,1,3.0,7.55,23.0
650,651,0,3,3,0,26.5,0,0,349221,7.8958,S,3.0,0,mr,3,3.0,7.8958,26.5
651,652,1,2,1,1,18.0,0,1,231919,11.5,S,3.0,1,miss,1,3.0,11.5,18.0
652,653,0,3,3,0,21.0,0,0,8475,8.4333,S,3.0,0,mr,3,3.0,8.4333,21.0
653,654,1,3,1,1,21.8,0,0,330919,7.8292,Q,2.0,1,miss,1,2.0,7.8292,21.8
654,655,0,3,1,1,18.0,0,0,365226,6.75,Q,2.0,1,miss,1,2.0,6.75,18.0
655,656,0,2,3,0,24.0,2,0,S.O.C. 14879,24.5,S,3.0,0,mr,3,3.0,24.5,24.0
656,657,0,3,3,0,26.5,0,0,349223,7.8958,S,3.0,0,mr,3,3.0,7.8958,26.5
657,658,0,3,2,1,32.0,1,1,364849,5.166666666666667,Q,2.0,1,mrs,2,2.0,5.166666666666667,32.0
658,659,0,2,3,0,23.0,0,0,29751,13.0,S,3.0,0,mr,3,3.0,13.0,23.0
659,660,0,1,3,0,58.0,0,2,35273,37.75833333333333,D48,1.0,0,mr,3,1.0,37.75833333333333,58.0
660,661,1,1,7,0,50.0,2,0,PC 17611,44.550000000000004,S,3.0,0,dr,7,3.0,44.550000000000004,50.0
661,662,0,3,3,0,40.0,0,0,2623,7.225,C,1.0,0,mr,3,1.0,7.225,40.0
662,663,0,1,3,0,47.0,0,0,5727,25.5875,E58,3.0,0,mr,3,3.0,25.5875,47.0
663,664,0,3,3,0,36.0,0,0,349210,7.4958,S,3.0,0,mr,3,3.0,7.4958,36.0
664,665,1,3,3,0,20.0,1,0,STON/O 2. 3101285,3.9625,S,3.0,0,mr,3,3.0,3.9625,20.0
665,666,0,2,3,0,32.0,2,0,S.O.C. 14879,24.5,S,3.0,0,mr,3,3.0,24.5,32.0
666,667,0,2,3,0,25.0,0,0,234686,13.0,S,3.0,0,mr,3,3.0,13.0,25.0
667,668,0,3,3,0,26.5,0,0,312993,7.775,S,3.0,0,mr,3,3.0,7.775,26.5
668,669,0,3,3,0,43.0,0,0,A/5 3536,8.05,S,3.0,0,mr,3,3.0,8.05,43.0
669,670,1,1,2,1,34.6,1,0,19996,26.0,C126,3.0,1,mrs,2,3.0,26.0,34.6
670,671,1,2,2,1,40.0,1,1,29750,13.0,S,3.0,1,mrs,2,3.0,13.0,40.0
671,672,0,1,3,0,31.0,1,0,F.C. 12750,26.0,B71,3.0,0,mr,3,3.0,26.0,31.0
672,673,0,2,3,0,70.0,0,0,C.A. 24580,10.5,S,3.0,0,mr,3,3.0,10.5,70.0
673,674,1,2,3,0,31.0,0,0,244270,13.0,S,3.0,0,mr,3,3.0,13.0,31.0
674,675,0,2,3,0,30.7,0,0,239856,0.0,S,3.0,0,mr,3,3.0,0.0,30.7
675,676,0,3,3,0,18.0,0,0,349912,7.775,S,3.0,0,mr,3,3.0,7.775,18.0
676,677,0,3,3,0,24.5,0,0,342826,8.05,S,3.0,0,mr,3,3.0,8.05,24.5
677,678,1,3,1,1,18.0,0,0,4138,9.8417,S,3.0,1,miss,1,3.0,9.8417,18.0
678,679,0,3,2,1,43.0,1,6,CA 2144,5.8625,S,3.0,1,mrs,2,3.0,5.8625,43.0
679,680,1,1,3,0,36.0,0,1,PC 17755,256.1646,B51 B53 B55,1.0,0,mr,3,1.0,256.1646,36.0
680,681,0,3,1,1,21.8,0,0,330935,8.1375,Q,2.0,1,miss,1,2.0,8.1375,21.8
681,682,1,1,3,0,27.0,0,0,PC 17572,76.7292,D49,1.0,0,mr,3,1.0,76.7292,27.0
682,683,0,3,3,0,20.0,0,0,6563,9.225,S,3.0,0,mr,3,3.0,9.225,20.0
683,684,0,3,3,0,14.0,5,2,CA 2144,5.8625,S,3.0,0,mr,3,3.0,5.8625,14.0
684,685,0,2,3,0,60.0,1,1,29750,13.0,S,3.0,0,mr,3,3.0,13.0,60.0
685,686,0,2,3,0,25.0,1,2,SC/Paris 2123,10.3948,C,1.0,0,mr,3,1.0,10.3948,25.0
686,687,0,3,3,0,14.0,4,1,3101295,6.614583333333333,S,3.0,0,mr,3,3.0,6.614583333333333,14.0
687,688,0,3,3,0,19.0,0,0,349228,10.1708,S,3.0,0,mr,3,3.0,10.1708,19.0
688,689,0,3,3,0,18.0,0,0,350036,7.7958,S,3.0,0,mr,3,3.0,7.7958,18.0
689,690,1,1,1,1,15.0,0,1,24160,105.66875,B5,3.0,1,miss,1,3.0,105.66875,15.0
690,691,1,1,3,0,31.0,1,0,17474,28.5,B20,3.0,0,mr,3,3.0,28.5,31.0
691,692,1,3,1,1,4.0,0,1,349256,6.70835,C,1.0,1,miss,1,1.0,6.70835,4.0
692,693,1,3,3,0,26.5,0,0,1601,56.4958,S,3.0,0,mr,3,3.0,56.4958,26.5
693,694,0,3,3,0,25.0,0,0,2672,7.225,C,1.0,0,mr,3,1.0,7.225,25.0
694,695,0,1,4,0,60.0,0,0,113800,26.55,S,3.0,0,col,4,3.0,26.55,60.0
695,696,0,2,3,0,52.0,0,0,248731,13.5,S,3.0,0,mr,3,3.0,13.5,52.0
696,697,0,3,3,0,44.0,0,0,363592,8.05,S,3.0,0,mr,3,3.0,8.05,44.0
697,698,1,3,1,1,21.8,0,0,35852,7.7333,Q,2.0,1,miss,1,2.0,7.7333,21.8
698,699,0,1,3,0,49.0,1,1,17421,36.9611,C68,1.0,0,mr,3,1.0,36.9611,49.0
699,700,0,3,3,0,42.0,0,0,348121,7.65,F G63,3.0,0,mr,3,3.0,7.65,42.0
700,701,1,1,2,1,18.0,1,0,PC 17757,113.7625,C62 C64,1.0,1,mrs,2,1.0,113.7625,18.0
701,702,1,1,3,0,35.0,0,0,PC 17475,26.2875,E24,3.0,0,mr,3,3.0,26.2875,35.0
702,703,0,3,1,1,18.0,0,1,2691,7.2271,C,1.0,1,miss,1,1.0,7.2271,18.0
703,704,0,3,3,0,25.0,0,0,36864,7.7417,Q,2.0,0,mr,3,2.0,7.7417,25.0
704,705,0,3,3,0,26.0,1,0,350025,3.9271,S,3.0,0,mr,3,3.0,3.9271,26.0
705,706,0,2,3,0,39.0,0,0,250655,26.0,S,3.0,0,mr,3,3.0,26.0,39.0
706,707,1,2,2,1,45.0,0,0,223596,13.5,S,3.0,1,mrs,2,3.0,13.5,45.0
707,708,1,1,3,0,42.0,0,0,PC 17476,26.2875,E24,3.0,0,mr,3,3.0,26.2875,42.0
708,709,1,1,1,1,22.0,0,0,113781,151.55,S,3.0,1,miss,1,3.0,151.55,22.0
709,710,1,3,6,0,26.5,1,1,2661,5.081933333333333,C,1.0,0,master,6,1.0,5.081933333333333,26.5
710,711,1,1,1,1,24.0,0,0,PC 17482,49.5042,C90,1.0,1,mlle,1,1.0,49.5042,24.0
711,712,0,1,3,0,41.3,0,0,113028,26.55,C124,3.0,0,mr,3,3.0,26.55,41.3
712,713,1,1,3,0,48.0,1,0,19996,26.0,C126,3.0,0,mr,3,3.0,26.0,48.0
713,714,0,3,3,0,29.0,0,0,7545,9.4833,S,3.0,0,mr,3,3.0,9.4833,29.0
714,715,0,2,3,0,52.0,0,0,250647,13.0,S,3.0,0,mr,3,3.0,13.0,52.0
715,716,0,3,3,0,19.0,0,0,348124,7.65,F G73,3.0,0,mr,3,3.0,7.65,19.0
716,717,1,1,1,1,38.0,0,0,PC 17757,227.525,C45,1.0,1,miss,1,1.0,227.525,38.0
717,718,1,2,1,1,27.0,0,0,34218,10.5,E101,3.0,1,miss,1,3.0,10.5,27.0
718,719,0,3,3,0,26.5,0,0,36568,15.5,Q,2.0,0,mr,3,2.0,15.5,26.5
719,720,0,3,3,0,33.0,0,0,347062,7.775,S,3.0,0,mr,3,3.0,7.775,33.0
720,721,1,2,1,1,6.0,0,1,248727,16.5,S,3.0,1,miss,1,3.0,16.5,6.0
721,722,0,3,3,0,17.0,1,0,350048,3.5271,S,3.0,0,mr,3,3.0,3.5271,17.0
722,723,0,2,3,0,34.0,0,0,12233,13.0,S,3.0,0,mr,3,3.0,13.0,34.0
723,724,0,2,3,0,50.0,0,0,250643,13.0,S,3.0,0,mr,3,3.0,13.0,50.0
724,725,1,1,3,0,27.0,1,0,113806,26.55,E8,3.0,0,mr,3,3.0,26.55,27.0
725,726,0,3,3,0,20.0,0,0,315094,8.6625,S,3.0,0,mr,3,3.0,8.6625,20.0
726,727,1,2,2,1,30.0,3,0,31027,5.25,S,3.0,1,mrs,2,3.0,5.25,30.0
727,728,1,3,1,1,21.8,0,0,36866,7.7375,Q,2.0,1,miss,1,2.0,7.7375,21.8
728,729,0,2,3,0,25.0,1,0,236853,13.0,S,3.0,0,mr,3,3.0,13.0,25.0
729,730,0,3,1,1,25.0,1,0,STON/O2. 3101271,3.9625,S,3.0,1,miss,1,3.0,3.9625,25.0
730,731,1,1,1,1,29.0,0,0,24160,211.3375,B5,3.0,1,miss,1,3.0,211.3375,29.0
731,732,0,3,3,0,11.0,0,0,2699,18.7875,C,1.0,0,mr,3,1.0,18.7875,11.0
732,733,0,2,3,0,30.7,0,0,239855,0.0,S,3.0,0,mr,3,3.0,0.0,30.7
733,734,0,2,3,0,23.0,0,0,28425,13.0,S,3.0,0,mr,3,3.0,13.0,23.0
734,735,0,2,3,0,23.0,0,0,233639,13.0,S,3.0,0,mr,3,3.0,13.0,23.0
735,736,0,3,3,0,28.5,0,0,54636,16.1,S,3.0,0,mr,3,3.0,16.1,28.5
736,737,0,3,2,1,48.0,1,3,W./C. 6608,6.875,S,3.0,1,mrs,2,3.0,6.875,48.0
737,738,1,1,3,0,35.0,0,0,PC 17755,512.3292,B101,1.0,0,mr,3,1.0,512.3292,35.0
738,739,0,3,3,0,26.5,0,0,349201,7.8958,S,3.0,0,mr,3,3.0,7.8958,26.5
739,740,0,3,3,0,26.5,0,0,349218,7.8958,S,3.0,0,mr,3,3.0,7.8958,26.5
740,741,1,1,3,0,41.3,0,0,16988,30.0,D45,3.0,0,mr,3,3.0,30.0,41.3
741,742,0,1,3,0,36.0,1,0,19877,39.425,C46,3.0,0,mr,3,3.0,39.425,36.0
742,743,1,1,1,1,21.0,2,2,PC 17608,52.475,B57 B59 B63 B66,1.0,1,miss,1,1.0,52.475,21.0
743,744,0,3,3,0,24.0,1,0,376566,8.05,S,3.0,0,mr,3,3.0,8.05,24.0
744,745,1,3,3,0,31.0,0,0,STON/O 2. 3101288,7.925,S,3.0,0,mr,3,3.0,7.925,31.0
745,746,0,1,4,0,70.0,1,1,WE/P 5735,23.666666666666668,B22,3.0,0,capt,4,3.0,23.666666666666668,70.0
746,747,0,3,3,0,16.0,1,1,C.A. 2673,6.75,S,3.0,0,mr,3,3.0,6.75,16.0
747,748,1,2,1,1,30.0,0,0,250648,13.0,S,3.0,1,miss,1,3.0,13.0,30.0
748,749,0,1,3,0,19.0,1,0,113773,26.55,D30,3.0,0,mr,3,3.0,26.55,19.0
749,750,0,3,3,0,31.0,0,0,335097,7.75,Q,2.0,0,mr,3,2.0,7.75,31.0
750,751,1,2,1,1,4.0,1,1,29103,7.666666666666667,S,3.0,1,miss,1,3.0,7.666666666666667,4.0
751,752,1,3,6,0,6.0,0,1,392096,6.2375,E121,3.0,0,master,6,3.0,6.2375,6.0
752,753,0,3,3,0,33.0,0,0,345780,9.5,S,3.0,0,mr,3,3.0,9.5,33.0
753,754,0,3,3,0,23.0,0,0,349204,7.8958,S,3.0,0,mr,3,3.0,7.8958,23.0
754,755,1,2,2,1,48.0,1,2,220845,16.25,S,3.0,1,mrs,2,3.0,16.25,48.0
755,756,1,2,6,0,0.67,1,1,250649,4.833333333333333,S,3.0,0,master,6,3.0,4.833333333333333,0.67
756,757,0,3,3,0,28.0,0,0,350042,7.7958,S,3.0,0,mr,3,3.0,7.7958,28.0
757,758,0,2,3,0,18.0,0,0,29108,11.5,S,3.0,0,mr,3,3.0,11.5,18.0
758,759,0,3,3,0,34.0,0,0,363294,8.05,S,3.0,0,mr,3,3.0,8.05,34.0
759,760,1,1,5,1,33.0,0,0,110152,86.5,B77,3.0,1,the countess,5,3.0,86.5,33.0
760,761,0,3,3,0,26.5,0,0,358585,14.5,S,3.0,0,mr,3,3.0,14.5,26.5
761,762,0,3,3,0,41.0,0,0,SOTON/O2 3101272,7.125,S,3.0,0,mr,3,3.0,7.125,41.0
762,763,1,3,3,0,20.0,0,0,2663,7.2292,C,1.0,0,mr,3,1.0,7.2292,20.0
763,764,1,1,2,1,36.0,1,2,113760,30.0,B96 B98,3.0,1,mrs,2,3.0,30.0,36.0
764,765,0,3,3,0,16.0,0,0,347074,7.775,S,3.0,0,mr,3,3.0,7.775,16.0
765,766,1,1,2,1,51.0,1,0,13502,38.97915,D11,3.0,1,mrs,2,3.0,38.97915,51.0
766,767,0,1,7,0,41.3,0,0,112379,39.6,C,1.0,0,dr,7,1.0,39.6,41.3
767,768,0,3,1,1,30.5,0,0,364850,7.75,Q,2.0,1,miss,1,2.0,7.75,30.5
768,769,0,3,3,0,26.5,1,0,371110,12.075,Q,2.0,0,mr,3,2.0,12.075,26.5
769,770,0,3,3,0,32.0,0,0,8471,8.3625,S,3.0,0,mr,3,3.0,8.3625,32.0
770,771,0,3,3,0,24.0,0,0,345781,9.5,S,3.0,0,mr,3,3.0,9.5,24.0
771,772,0,3,3,0,48.0,0,0,350047,7.8542,S,3.0,0,mr,3,3.0,7.8542,48.0
772,773,0,2,2,1,57.0,0,0,S.O./P.P. 3,10.5,E77,3.0,1,mrs,2,3.0,10.5,57.0
773,774,0,3,3,0,26.5,0,0,2674,7.225,C,1.0,0,mr,3,1.0,7.225,26.5
774,775,1,2,2,1,54.0,1,3,29105,4.6,S,3.0,1,mrs,2,3.0,4.6,54.0
775,776,0,3,3,0,18.0,0,0,347078,7.75,S,3.0,0,mr,3,3.0,7.75,18.0
776,777,0,3,3,0,26.5,0,0,383121,7.75,F38,2.0,0,mr,3,2.0,7.75,26.5
777,778,1,3,1,1,5.0,0,0,364516,12.475,S,3.0,1,miss,1,3.0,12.475,5.0
778,779,0,3,3,0,26.5,0,0,36865,7.7375,Q,2.0,0,mr,3,2.0,7.7375,26.5
779,780,1,1,2,1,43.0,0,1,24160,105.66875,B3,3.0,1,mrs,2,3.0,105.66875,43.0
780,781,1,3,1,1,13.0,0,0,2687,7.2292,C,1.0,1,miss,1,1.0,7.2292,13.0
781,782,1,1,2,1,17.0,1,0,17474,28.5,B20,3.0,1,mrs,2,3.0,28.5,17.0
782,783,0,1,3,0,29.0,0,0,113501,30.0,D6,3.0,0,mr,3,3.0,30.0,29.0
783,784,0,3,3,0,26.5,1,2,W./C. 6607,5.8625,S,3.0,0,mr,3,3.0,5.8625,26.5
784,785,0,3,3,0,25.0,0,0,SOTON/O.Q. 3101312,7.05,S,3.0,0,mr,3,3.0,7.05,25.0
785,786,0,3,3,0,25.0,0,0,374887,7.25,S,3.0,0,mr,3,3.0,7.25,25.0
786,787,1,3,1,1,18.0,0,0,3101265,7.4958,S,3.0,1,miss,1,3.0,7.4958,18.0
787,788,0,3,6,0,8.0,4,1,382652,4.854166666666667,Q,2.0,0,master,6,2.0,4.854166666666667,8.0
788,789,1,3,6,0,1.0,1,2,C.A. 2315,5.14375,S,3.0,0,master,6,3.0,5.14375,1.0
789,790,0,1,3,0,46.0,0,0,PC 17593,79.2,B82 B84,1.0,0,mr,3,1.0,79.2,46.0
790,791,0,3,3,0,26.5,0,0,12460,7.75,Q,2.0,0,mr,3,2.0,7.75,26.5
791,792,0,2,3,0,16.0,0,0,239865,26.0,S,3.0,0,mr,3,3.0,26.0,16.0
792,793,0,3,1,1,21.8,8,2,CA. 2343,6.322727272727272,S,3.0,1,miss,1,3.0,6.322727272727272,21.8
793,794,0,1,3,0,41.3,0,0,PC 17600,30.6958,C,1.0,0,mr,3,1.0,30.6958,41.3
794,795,0,3,3,0,25.0,0,0,349203,7.8958,S,3.0,0,mr,3,3.0,7.8958,25.0
795,796,0,2,3,0,39.0,0,0,28213,13.0,S,3.0,0,mr,3,3.0,13.0,39.0
796,797,1,1,7,1,49.0,0,0,17465,25.9292,D17,3.0,1,dr,7,3.0,25.9292,49.0
797,798,1,3,2,1,31.0,0,0,349244,8.6833,S,3.0,1,mrs,2,3.0,8.6833,31.0
798,799,0,3,3,0,30.0,0,0,2685,7.2292,C,1.0,0,mr,3,1.0,7.2292,30.0
799,800,0,3,2,1,30.0,1,1,345773,8.049999999999999,S,3.0,1,mrs,2,3.0,8.049999999999999,30.0
800,801,0,2,3,0,34.0,0,0,250647,13.0,S,3.0,0,mr,3,3.0,13.0,34.0
801,802,1,2,2,1,31.0,1,1,C.A. 31921,8.75,S,3.0,1,mrs,2,3.0,8.75,31.0
802,803,1,1,6,0,11.0,1,2,113760,30.0,B96 B98,3.0,0,master,6,3.0,30.0,11.0
803,804,1,3,6,0,0.42,0,1,2625,4.25835,C,1.0,0,master,6,1.0,4.25835,0.42
804,805,1,3,3,0,27.0,0,0,347089,6.975,S,3.0,0,mr,3,3.0,6.975,27.0
805,806,0,3,3,0,31.0,0,0,347063,7.775,S,3.0,0,mr,3,3.0,7.775,31.0
806,807,0,1,3,0,39.0,0,0,112050,0.0,A36,3.0,0,mr,3,3.0,0.0,39.0
807,808,0,3,1,1,18.0,0,0,347087,7.775,S,3.0,1,miss,1,3.0,7.775,18.0
808,809,0,2,3,0,39.0,0,0,248723,13.0,S,3.0,0,mr,3,3.0,13.0,39.0
809,810,1,1,2,1,33.0,1,0,113806,26.55,E8,3.0,1,mrs,2,3.0,26.55,33.0
810,811,0,3,3,0,26.0,0,0,3474,7.8875,S,3.0,0,mr,3,3.0,7.8875,26.0
811,812,0,3,3,0,39.0,0,0,A/4 48871,24.15,S,3.0,0,mr,3,3.0,24.15,39.0
812,813,0,2,3,0,35.0,0,0,28206,10.5,S,3.0,0,mr,3,3.0,10.5,35.0
813,814,0,3,1,1,6.0,4,2,347082,4.4678571428571425,S,3.0,1,miss,1,3.0,4.4678571428571425,6.0
814,815,0,3,3,0,30.5,0,0,364499,8.05,S,3.0,0,mr,3,3.0,8.05,30.5
815,816,0,1,3,0,41.3,0,0,112058,0.0,B102,3.0,0,mr,3,3.0,0.0,41.3
816,817,0,3,1,1,23.0,0,0,STON/O2. 3101290,7.925,S,3.0,1,miss,1,3.0,7.925,23.0
817,818,0,2,3,0,31.0,1,1,S.C./PARIS 2079,12.334733333333332,C,1.0,0,mr,3,1.0,12.334733333333332,31.0
818,819,0,3,3,0,43.0,0,0,C 7075,6.45,S,3.0,0,mr,3,3.0,6.45,43.0
819,820,0,3,6,0,10.0,3,2,347088,4.6499999999999995,S,3.0,0,master,6,3.0,4.6499999999999995,10.0
820,821,1,1,2,1,52.0,1,1,12749,31.166666666666668,B69,3.0,1,mrs,2,3.0,31.166666666666668,52.0
821,822,1,3,3,0,27.0,0,0,315098,8.6625,S,3.0,0,mr,3,3.0,8.6625,27.0
822,823,0,1,0,0,38.0,0,0,19972,0.0,S,3.0,0,jonkheer,0,3.0,0.0,38.0
823,824,1,3,2,1,27.0,0,1,392096,6.2375,E121,3.0,1,mrs,2,3.0,6.2375,27.0
824,825,0,3,6,0,2.0,4,1,3101295,6.614583333333333,S,3.0,0,master,6,3.0,6.614583333333333,2.0
825,826,0,3,3,0,26.5,0,0,368323,6.95,Q,2.0,0,mr,3,2.0,6.95,26.5
826,827,0,3,3,0,26.5,0,0,1601,56.4958,S,3.0,0,mr,3,3.0,56.4958,26.5
827,828,1,2,6,0,1.0,0,2,S.C./PARIS 2079,12.334733333333332,C,1.0,0,master,6,1.0,12.334733333333332,1.0
828,829,1,3,3,0,26.5,0,0,367228,7.75,Q,2.0,0,mr,3,2.0,7.75,26.5
829,830,1,1,2,1,62.0,0,0,113572,80.0,B28,,1,mrs,2,,80.0,62.0
830,831,1,3,2,1,15.0,1,0,2659,7.2271,C,1.0,1,mrs,2,1.0,7.2271,15.0
831,832,1,2,6,0,0.83,1,1,29106,6.25,S,3.0,0,master,6,3.0,6.25,0.83
832,833,0,3,3,0,26.5,0,0,2671,7.2292,C,1.0,0,mr,3,1.0,7.2292,26.5
833,834,0,3,3,0,23.0,0,0,347468,7.8542,S,3.0,0,mr,3,3.0,7.8542,23.0
834,835,0,3,3,0,18.0,0,0,2223,8.3,S,3.0,0,mr,3,3.0,8.3,18.0
835,836,1,1,1,1,39.0,1,1,PC 17756,27.71943333333333,E49,1.0,1,miss,1,1.0,27.71943333333333,39.0
836,837,0,3,3,0,21.0,0,0,315097,8.6625,S,3.0,0,mr,3,3.0,8.6625,21.0
837,838,0,3,3,0,26.5,0,0,392092,8.05,S,3.0,0,mr,3,3.0,8.05,26.5
838,839,1,3,3,0,32.0,0,0,1601,56.4958,S,3.0,0,mr,3,3.0,56.4958,32.0
839,840,1,1,3,0,41.3,0,0,11774,29.7,C47,1.0,0,mr,3,1.0,29.7,41.3
840,841,0,3,3,0,20.0,0,0,SOTON/O2 3101287,7.925,S,3.0,0,mr,3,3.0,7.925,20.0
841,842,0,2,3,0,16.0,0,0,S.O./P.P. 3,10.5,S,3.0,0,mr,3,3.0,10.5,16.0
842,843,1,1,1,1,30.0,0,0,113798,31.0,C,1.0,1,miss,1,1.0,31.0,30.0
843,844,0,3,3,0,34.5,0,0,2683,6.4375,C,1.0,0,mr,3,1.0,6.4375,34.5
844,845,0,3,3,0,17.0,0,0,315090,8.6625,S,3.0,0,mr,3,3.0,8.6625,17.0
845,846,0,3,3,0,42.0,0,0,C.A. 5547,7.55,S,3.0,0,mr,3,3.0,7.55,42.0
846,847,0,3,3,0,26.5,8,2,CA. 2343,6.322727272727272,S,3.0,0,mr,3,3.0,6.322727272727272,26.5
847,848,0,3,3,0,35.0,0,0,349213,7.8958,C,1.0,0,mr,3,1.0,7.8958,35.0
848,849,0,2,8,0,28.0,0,1,248727,16.5,S,3.0,0,rev,8,3.0,16.5,28.0
849,850,1,1,2,1,34.6,1,0,17453,44.5521,C92,1.0,1,mrs,2,1.0,44.5521,34.6
850,851,0,3,6,0,4.0,4,2,347082,4.4678571428571425,S,3.0,0,master,6,3.0,4.4678571428571425,4.0
851,852,0,3,3,0,74.0,0,0,347060,7.775,S,3.0,0,mr,3,3.0,7.775,74.0
852,853,0,3,1,1,9.0,1,1,2678,5.081933333333333,C,1.0,1,miss,1,1.0,5.081933333333333,9.0
853,854,1,1,1,1,16.0,0,1,PC 17592,19.7,D28,3.0,1,miss,1,3.0,19.7,16.0
854,855,0,2,2,1,44.0,1,0,244252,13.0,S,3.0,1,mrs,2,3.0,13.0,44.0
855,856,1,3,2,1,18.0,0,1,392091,4.675,S,3.0,1,mrs,2,3.0,4.675,18.0
856,857,1,1,2,1,45.0,1,1,36928,54.95556666666667,S,3.0,1,mrs,2,3.0,54.95556666666667,45.0
857,858,1,1,3,0,51.0,0,0,113055,26.55,E17,3.0,0,mr,3,3.0,26.55,51.0
858,859,1,3,2,1,24.0,0,3,2666,4.814575,C,1.0,1,mrs,2,1.0,4.814575,24.0
859,860,0,3,3,0,26.5,0,0,2629,7.2292,C,1.0,0,mr,3,1.0,7.2292,26.5
860,861,0,3,3,0,41.0,2,0,350026,4.702766666666666,S,3.0,0,mr,3,3.0,4.702766666666666,41.0
861,862,0,2,3,0,21.0,1,0,28134,5.75,S,3.0,0,mr,3,3.0,5.75,21.0
862,863,1,1,2,1,48.0,0,0,17466,25.9292,D17,3.0,1,mrs,2,3.0,25.9292,48.0
863,864,0,3,1,1,21.8,8,2,CA. 2343,6.322727272727272,S,3.0,1,miss,1,3.0,6.322727272727272,21.8
864,865,0,2,3,0,24.0,0,0,233866,13.0,S,3.0,0,mr,3,3.0,13.0,24.0
865,866,1,2,2,1,42.0,0,0,236852,13.0,S,3.0,1,mrs,2,3.0,13.0,42.0
866,867,1,2,1,1,27.0,1,0,SC/PARIS 2149,6.92915,C,1.0,1,miss,1,1.0,6.92915,27.0
867,868,0,1,3,0,31.0,0,0,PC 17590,50.4958,A24,3.0,0,mr,3,3.0,50.4958,31.0
868,869,0,3,3,0,26.5,0,0,345777,9.5,S,3.0,0,mr,3,3.0,9.5,26.5
869,870,1,3,6,0,4.0,1,1,347742,3.7111,S,3.0,0,master,6,3.0,3.7111,4.0
870,871,0,3,3,0,26.0,0,0,349248,7.8958,S,3.0,0,mr,3,3.0,7.8958,26.0
871,872,1,1,2,1,47.0,1,1,11751,17.518066666666666,D35,3.0,1,mrs,2,3.0,17.518066666666666,47.0
872,873,0,1,3,0,33.0,0,0,695,5.0,B51 B53 B55,3.0,0,mr,3,3.0,5.0,33.0
873,874,0,3,3,0,47.0,0,0,345765,9.0,S,3.0,0,mr,3,3.0,9.0,47.0
874,875,1,2,2,1,28.0,1,0,P/PP 3381,12.0,C,1.0,1,mrs,2,1.0,12.0,28.0
875,876,1,3,1,1,15.0,0,0,2667,7.225,C,1.0,1,miss,1,1.0,7.225,15.0
876,877,0,3,3,0,20.0,0,0,7534,9.8458,S,3.0,0,mr,3,3.0,9.8458,20.0
877,878,0,3,3,0,19.0,0,0,349212,7.8958,S,3.0,0,mr,3,3.0,7.8958,19.0
878,879,0,3,3,0,26.5,0,0,349217,7.8958,S,3.0,0,mr,3,3.0,7.8958,26.5
879,880,1,1,2,1,56.0,0,1,11767,41.57915,C50,1.0,1,mrs,2,1.0,41.57915,56.0
880,881,1,2,2,1,25.0,0,1,230433,13.0,S,3.0,1,mrs,2,3.0,13.0,25.0
881,882,0,3,3,0,33.0,0,0,349257,7.8958,S,3.0,0,mr,3,3.0,7.8958,33.0
882,883,0,3,1,1,22.0,0,0,7552,10.5167,S,3.0,1,miss,1,3.0,10.5167,22.0
883,884,0,2,3,0,28.0,0,0,C.A./SOTON 34068,10.5,S,3.0,0,mr,3,3.0,10.5,28.0
884,885,0,3,3,0,25.0,0,0,SOTON/OQ 392076,7.05,S,3.0,0,mr,3,3.0,7.05,25.0
885,886,0,3,2,1,39.0,0,5,382652,4.854166666666667,Q,2.0,1,mrs,2,2.0,4.854166666666667,39.0
886,887,0,2,8,0,27.0,0,0,211536,13.0,S,3.0,0,rev,8,3.0,13.0,27.0
887,888,1,1,1,1,19.0,0,0,112053,30.0,B42,3.0,1,miss,1,3.0,30.0,19.0
888,889,0,3,1,1,21.8,1,2,W./C. 6607,5.8625,S,3.0,1,miss,1,3.0,5.8625,21.8
889,890,1,1,3,0,26.0,0,0,111369,30.0,C148,1.0,0,mr,3,1.0,30.0,26.0
890,891,0,3,3,0,32.0,0,0,370376,7.75,Q,2.0,0,mr,3,2.0,7.75,32.0
